+------------------------------------------------------------------------------+
|                                                                              |
|                                  QuantumATK®                                 |
|                                                                              |
|        Version: V-2023.12-SP1 for Windows and Linux [Build fba5aeb947f]      |
|                                                                              |
|                      Copyright © 2004-2026 Synopsys, Inc.                    |
|                                                                              |
|       This software and all associated documentation are proprietary to      |
|         Synopsys, Inc. This software may only be used pursuant to the        |
|       terms and conditions of a written license agreement with Synopsys,     |
|       Inc. All other use, reproduction, modification, or distribution of     |
|                     this software is strictly prohibited.                    |
|                                                                              |
+------------------------------------------------------------------------------+
+------------------------------------------------------------------------------+
|                                                                              |
| DFT Calculation  [Started Tue Aug 11 23:21:36 2026]                          |
|                                                                              |
+------------------------------------------------------------------------------+
+------------------------------------------------------------------------------+
|                                                                              |
| CPU Information                                                              |
|                                                                              |
+------------------------------------------------------------------------------+
|  Process ID 0 at LAPTOP-8JCJFQ94 (8 threads)                                 |
+------------------------------------------------------------------------------+
+------------------------------------------------------------------------------+
|                                                                              |
| SCF Loop Information                                                         |
|                                                                              |
+------------------------------------------------------------------------------+
+------------------------------------------------------------------------------+
| K-point grid: 8 x 8 x 8                                                      |
| Number of irreducible k-points: 29                                           |
| Using symmetry reduction of k-points.                                        |
+------------------------------------------------------------------------------+
+------------------------------------------------------------------------------+
| Grid samplings in a, b, and c directions:                                    |
|     Real space grid:           (32, 32, 32)                                  |
|                                                                              |
| Exchange-correlation: HybridGGA.HSE06                                        |
+------------------------------------------------------------------------------+
+------------------------------------------------------------------------------+
| Memory requirements for the calculation                                      |
+------------------------------------------------------------------------------+
| Memory estimate for plane-wave quantities per process: 9 MB                  |
| [Number of bands: 6, Plane-Wave basis size: 1162]                            |
|                                                                              |
| Total memory required per real-space grid: <1 MB                             |
+------------------------------------------------------------------------------+
+------------------------------------------------------------------------------+
| SCF History                                                                  |
+------------------------------------------------------------------------------+
| Memory required to store SCF history: 1 MB                                   |
| Number of history steps: 5                                                   |
+------------------------------------------------------------------------------+
+------------------------------------------------------------------------------+
| No checkpoint handler                                                        |
+------------------------------------------------------------------------------+
+------------------------------------------------------------------------------+
| The stop calculation file feature has been enabled for the SCF loop.         |
| Creating the following file in the current working directory will stop the   |
| calculation at the next iteration:                                           |
| stop-scf-313b5e9c-5129-4315-a9ef-dd53b21a40e2                                |
| The file must be created in the directory:                                   |
| E:\Stucture\                                                                 |
+------------------------------------------------------------------------------+
+------------------------------------------------------------------------------+
| Plane-Wave parallelization report                                            |
+------------------------------------------------------------------------------+
| Total number of processes: 1                                                 |
| Total number of k-points: 29                                                 |
| Processes per k-point: 1                                                     |
+------------------------------------------------------------------------------+
| Process occupation                                                           |
+------------------------------------------------------------------------------+
| Process 0: |===============================================================| |
+------------------------------------------------------------------------------+
+------------------------------------------------------------------------------+
| SCF Loop                                                                     |
+------------------------------------------------------------------------------+
|   0 E =  -215.7439639   dE =  2.157440e+02   dR =  2.510660e-02              |
|   1 E =  -215.6630231   dE =  8.094086e-02   dR =  1.876516e-02              |
|   2 E =  -215.6469692   dE =  1.605388e-02   dR =  1.209863e-03              |
|   3 E =  -215.6470504   dE =  8.122536e-05   dR =  3.069539e-04              |
|   4 E =  -215.6470670   dE =  1.654843e-05   dR =  1.229052e-04              |
|   5 E =  -215.6470736   dE =  6.628291e-06   dR =  4.946878e-06              |
|   6 E =  -215.6470718   dE =  1.803472e-06   dR =  8.968478e-06              |
+------------------------------------------------------------------------------+
| Calculation Converged in 7 steps                                             |
|                                                                              |
| Fermi Level  = -2.502949 eV                                                  |
+------------------------------------------------------------------------------+

+------------------------------------------------------------------------------+
| Completed exact exchange iteration 1                                         |
|                                                                              |
| Total energy =             -215.647 eV                                       |
| Exact exchange energy =          0 eV                                        |
+------------------------------------------------------------------------------+


                          |----------------------------------------------------|
Calculating EXX operator : ====================================================

+------------------------------------------------------------------------------+
| SCF Loop                                                                     |
+------------------------------------------------------------------------------+
|   0 E =  -226.7273745   dE =  1.108030e+01   dR =  6.378242e-03              |
|   1 E =  -226.7069563   dE =  2.041820e-02   dR =  4.633798e-03              |
|   2 E =  -226.7023166   dE =  4.639649e-03   dR =  2.945724e-04              |
|   3 E =  -226.7023721   dE =  5.547643e-05   dR =  1.911728e-04              |
|   4 E =  -226.7023702   dE =  1.875939e-06   dR =  1.569339e-05              |
|   5 E =  -226.7023700   dE =  1.850230e-07   dR =  2.350523e-05              |
+------------------------------------------------------------------------------+
| Calculation Converged in 6 steps                                             |
|                                                                              |
| Fermi Level  = -4.211416 eV                                                  |
+------------------------------------------------------------------------------+

+------------------------------------------------------------------------------+
| Completed exact exchange iteration 2                                         |
|                                                                              |
| Total energy =             -226.702 eV                                       |
| Exact exchange energy =   -11.0444 eV                                        |
| dE_tot =                   -11.0553 eV                                       |
+------------------------------------------------------------------------------+


                          |----------------------------------------------------|
Calculating EXX operator : ====================================================

+------------------------------------------------------------------------------+
| SCF Loop                                                                     |
+------------------------------------------------------------------------------+
|   0 E =  -226.7229677   dE =  2.059763e-02   dR =  1.163506e-03              |
|   1 E =  -226.7224781   dE =  4.895784e-04   dR =  8.509565e-04              |
|   2 E =  -226.7223557   dE =  1.223939e-04   dR =  7.488018e-05              |
|   3 E =  -226.7223580   dE =  2.314717e-06   dR =  3.487888e-05              |
|   4 E =  -226.7223556   dE =  2.380429e-06   dR =  1.623823e-06              |
+------------------------------------------------------------------------------+
| Calculation Converged in 5 steps                                             |
|                                                                              |
| Fermi Level  = -4.207598 eV                                                  |
+------------------------------------------------------------------------------+

+------------------------------------------------------------------------------+
| Completed exact exchange iteration 3                                         |
|                                                                              |
| Total energy =             -226.722 eV                                       |
| Exact exchange energy =   -11.1718 eV                                        |
| dE_tot =                 -0.0199856 eV                                       |
+------------------------------------------------------------------------------+


                          |----------------------------------------------------|
Calculating EXX operator : ====================================================

+------------------------------------------------------------------------------+
| SCF Loop                                                                     |
+------------------------------------------------------------------------------+
|   0 E =  -226.7231429   dE =  7.872592e-04   dR =  2.286369e-04              |
|   1 E =  -226.7231261   dE =  1.675861e-05   dR =  1.678351e-04              |
|   2 E =  -226.7231222   dE =  3.896839e-06   dR =  1.519052e-05              |
|   3 E =  -226.7231231   dE =  8.845262e-07   dR =  7.082825e-06              |
+------------------------------------------------------------------------------+
| Calculation Converged in 4 steps                                             |
|                                                                              |
| Fermi Level  = -4.207373 eV                                                  |
+------------------------------------------------------------------------------+

+------------------------------------------------------------------------------+
| Completed exact exchange iteration 4                                         |
|                                                                              |
| Total energy =             -226.723 eV                                       |
| Exact exchange energy =   -11.1927 eV                                        |
| dE_tot =                 -0.000767488 eV                                     |
+------------------------------------------------------------------------------+


                          |----------------------------------------------------|
Calculating EXX operator : ====================================================

+------------------------------------------------------------------------------+
| SCF Loop                                                                     |
+------------------------------------------------------------------------------+
|   0 E =  -226.7231548   dE =  3.166547e-05   dR =  4.620942e-05              |
|   1 E =  -226.7231539   dE =  9.078806e-07   dR =  3.442072e-05              |
|   2 E =  -226.7231539   dE =  1.577095e-08   dR =  2.997215e-06              |
+------------------------------------------------------------------------------+
| Calculation Converged in 3 steps                                             |
|                                                                              |
| Fermi Level  = -4.207693 eV                                                  |
+------------------------------------------------------------------------------+

+------------------------------------------------------------------------------+
| Completed exact exchange iteration 5                                         |
|                                                                              |
| Total energy =             -226.723 eV                                       |
| Exact exchange energy =   -11.1966 eV                                        |
| dE_tot =                 -3.07418e-05 eV                                     |
+------------------------------------------------------------------------------+


                          |----------------------------------------------------|
Calculating EXX operator : ====================================================

+------------------------------------------------------------------------------+
| SCF Loop                                                                     |
+------------------------------------------------------------------------------+
|   0 E =  -226.7231568   dE =  2.898329e-06   dR =  1.013971e-05              |
+------------------------------------------------------------------------------+
| Calculation Converged in 1 steps                                             |
|                                                                              |
| Fermi Level  = -4.207862 eV                                                  |
+------------------------------------------------------------------------------+

+------------------------------------------------------------------------------+
| Completed exact exchange iteration 6                                         |
|                                                                              |
| Total energy =             -226.723 eV                                       |
| Exact exchange energy =   -11.1975 eV                                        |
| dE_tot =                 -2.89833e-06 eV                                     |
+------------------------------------------------------------------------------+
|                                                                              |
| Hybrid DFT SCF Loop finished                                                 |
|                                                                              |
| Total number of SCF iterations:                 26                           |
| Number of exact exchange iterations:             6                           |
| Number of exact exchange operator updates:       5                           |
|                                                                              |
+------------------------------------------------------------------------------+
+------------------------------------------------------------------------------+
|                                                                              |
| DFT Calculation  [Finished Tue Aug 11 23:39:59 2026]                         |
|                                                                              |
| Calculation time: 1102.89 s (18m22.89s)                                      |
|                                                                              |
+------------------------------------------------------------------------------+
+------------------------------------------------------------------------------+
|                                                                              |
| Bandstructure Analysis                                                       |
|                                                                              |
+------------------------------------------------------------------------------+
+------------------------------------------------------------------------------+
| K-point batch 1/165                                                          |
+------------------------------------------------------------------------------+
                   |-----------------------------------------------------------|
EXX iteration 1   : ===========================================================
EXX iteration 2   : ===========================================================

Eigenvalues converged to within 0.000464 eV
[08/11/26 23:40:14] Batch complete. Estimated time remaining: 0:35:51

+------------------------------------------------------------------------------+
| K-point batch 2/165                                                          |
+------------------------------------------------------------------------------+
                   |-----------------------------------------------------------|
EXX iteration 1   : ===========================================================
EXX iteration 2   : ===========================================================

Eigenvalues converged to within 0.000113 eV
[08/11/26 23:40:28] Batch complete. Estimated time remaining: 0:35:35

+------------------------------------------------------------------------------+
| K-point batch 3/165                                                          |
+------------------------------------------------------------------------------+
                   |-----------------------------------------------------------|
EXX iteration 1   : ===========================================================
EXX iteration 2   : ===========================================================

Eigenvalues converged to within 0.000113 eV
[08/11/26 23:40:40] Batch complete. Estimated time remaining: 0:35:15

+------------------------------------------------------------------------------+
| K-point batch 4/165                                                          |
+------------------------------------------------------------------------------+
                   |-----------------------------------------------------------|
EXX iteration 1   : ===========================================================
EXX iteration 2   : ===========================================================

Eigenvalues converged to within 0.000113 eV
[08/11/26 23:40:53] Batch complete. Estimated time remaining: 0:34:43

+------------------------------------------------------------------------------+
| K-point batch 5/165                                                          |
+------------------------------------------------------------------------------+
                   |-----------------------------------------------------------|
EXX iteration 1   : ===========================================================
EXX iteration 2   : ===========================================================

Eigenvalues converged to within 0.000112 eV
[08/11/26 23:41:06] Batch complete. Estimated time remaining: 0:34:25

+------------------------------------------------------------------------------+
| K-point batch 6/165                                                          |
+------------------------------------------------------------------------------+
                   |-----------------------------------------------------------|
EXX iteration 1   : ===========================================================
EXX iteration 2   : ===========================================================

Eigenvalues converged to within 0.000434 eV
[08/11/26 23:41:17] Batch complete. Estimated time remaining: 0:33:19

+------------------------------------------------------------------------------+
| K-point batch 7/165                                                          |
+------------------------------------------------------------------------------+
                   |-----------------------------------------------------------|
EXX iteration 1   : ===========================================================
EXX iteration 2   : ===========================================================

Eigenvalues converged to within 0.000423 eV
[08/11/26 23:41:27] Batch complete. Estimated time remaining: 0:32:16

+------------------------------------------------------------------------------+
| K-point batch 8/165                                                          |
+------------------------------------------------------------------------------+
                   |-----------------------------------------------------------|
EXX iteration 1   : ===========================================================
EXX iteration 2   : ===========================================================

Eigenvalues converged to within 0.00041 eV
[08/11/26 23:41:38] Batch complete. Estimated time remaining: 0:31:34

+------------------------------------------------------------------------------+
| K-point batch 9/165                                                          |
+------------------------------------------------------------------------------+
                   |-----------------------------------------------------------|
EXX iteration 1   : ===========================================================
EXX iteration 2   : ===========================================================

Eigenvalues converged to within 0.000398 eV
[08/11/26 23:41:48] Batch complete. Estimated time remaining: 0:30:56

+------------------------------------------------------------------------------+
| K-point batch 10/165                                                         |
+------------------------------------------------------------------------------+
                   |-----------------------------------------------------------|
EXX iteration 1   : ===========================================================
EXX iteration 2   : ===========================================================

Eigenvalues converged to within 0.000384 eV
[08/11/26 23:41:59] Batch complete. Estimated time remaining: 0:30:17

+------------------------------------------------------------------------------+
| K-point batch 11/165                                                         |
+------------------------------------------------------------------------------+
                   |-----------------------------------------------------------|
EXX iteration 1   : ===========================================================
EXX iteration 2   : ===========================================================

Eigenvalues converged to within 0.000371 eV
[08/11/26 23:42:09] Batch complete. Estimated time remaining: 0:29:51

+------------------------------------------------------------------------------+
| K-point batch 12/165                                                         |
+------------------------------------------------------------------------------+
                   |-----------------------------------------------------------|
EXX iteration 1   : ===========================================================
EXX iteration 2   : ===========================================================

Eigenvalues converged to within 0.000357 eV
[08/11/26 23:42:20] Batch complete. Estimated time remaining: 0:29:24

+------------------------------------------------------------------------------+
| K-point batch 13/165                                                         |
+------------------------------------------------------------------------------+
                   |-----------------------------------------------------------|
EXX iteration 1   : ===========================================================
EXX iteration 2   : ===========================================================

Eigenvalues converged to within 0.000344 eV
[08/11/26 23:42:31] Batch complete. Estimated time remaining: 0:29:04

+------------------------------------------------------------------------------+
| K-point batch 14/165                                                         |
+------------------------------------------------------------------------------+
                   |-----------------------------------------------------------|
EXX iteration 1   : ===========================================================
EXX iteration 2   : ===========================================================

Eigenvalues converged to within 0.000331 eV
[08/11/26 23:42:41] Batch complete. Estimated time remaining: 0:28:39

+------------------------------------------------------------------------------+
| K-point batch 15/165                                                         |
+------------------------------------------------------------------------------+
                   |-----------------------------------------------------------|
EXX iteration 1   : ===========================================================
EXX iteration 2   : ===========================================================

Eigenvalues converged to within 0.000339 eV
[08/11/26 23:42:51] Batch complete. Estimated time remaining: 0:28:17

+------------------------------------------------------------------------------+
| K-point batch 16/165                                                         |
+------------------------------------------------------------------------------+
                   |-----------------------------------------------------------|
EXX iteration 1   : ===========================================================
EXX iteration 2   : ===========================================================

Eigenvalues converged to within 0.000341 eV
[08/11/26 23:43:02] Batch complete. Estimated time remaining: 0:27:59

+------------------------------------------------------------------------------+
| K-point batch 17/165                                                         |
+------------------------------------------------------------------------------+
                   |-----------------------------------------------------------|
EXX iteration 1   : ===========================================================
EXX iteration 2   : ===========================================================

Eigenvalues converged to within 0.000334 eV
[08/11/26 23:43:12] Batch complete. Estimated time remaining: 0:27:39

+------------------------------------------------------------------------------+
| K-point batch 18/165                                                         |
+------------------------------------------------------------------------------+
                   |-----------------------------------------------------------|
EXX iteration 1   : ===========================================================
EXX iteration 2   : ===========================================================

Eigenvalues converged to within 0.000322 eV
[08/11/26 23:43:22] Batch complete. Estimated time remaining: 0:27:21

+------------------------------------------------------------------------------+
| K-point batch 19/165                                                         |
+------------------------------------------------------------------------------+
                   |-----------------------------------------------------------|
EXX iteration 1   : ===========================================================
EXX iteration 2   : ===========================================================

Eigenvalues converged to within 0.000307 eV
[08/11/26 23:43:33] Batch complete. Estimated time remaining: 0:27:03

+------------------------------------------------------------------------------+
| K-point batch 20/165                                                         |
+------------------------------------------------------------------------------+
                   |-----------------------------------------------------------|
EXX iteration 1   : ===========================================================
EXX iteration 2   : ===========================================================

Eigenvalues converged to within 0.000291 eV
[08/11/26 23:43:43] Batch complete. Estimated time remaining: 0:26:46

+------------------------------------------------------------------------------+
| K-point batch 21/165                                                         |
+------------------------------------------------------------------------------+
                   |-----------------------------------------------------------|
EXX iteration 1   : ===========================================================
EXX iteration 2   : ===========================================================

Eigenvalues converged to within 0.000275 eV
[08/11/26 23:43:53] Batch complete. Estimated time remaining: 0:26:29

+------------------------------------------------------------------------------+
| K-point batch 22/165                                                         |
+------------------------------------------------------------------------------+
                   |-----------------------------------------------------------|
EXX iteration 1   : ===========================================================
EXX iteration 2   : ===========================================================

Eigenvalues converged to within 0.000259 eV
[08/11/26 23:44:04] Batch complete. Estimated time remaining: 0:26:15

+------------------------------------------------------------------------------+
| K-point batch 23/165                                                         |
+------------------------------------------------------------------------------+
                   |-----------------------------------------------------------|
EXX iteration 1   : ===========================================================
EXX iteration 2   : ===========================================================

Eigenvalues converged to within 0.000243 eV
[08/11/26 23:44:14] Batch complete. Estimated time remaining: 0:26:00

+------------------------------------------------------------------------------+
| K-point batch 24/165                                                         |
+------------------------------------------------------------------------------+
                   |-----------------------------------------------------------|
EXX iteration 1   : ===========================================================
EXX iteration 2   : ===========================================================

Eigenvalues converged to within 0.000237 eV
[08/11/26 23:44:24] Batch complete. Estimated time remaining: 0:25:45

+------------------------------------------------------------------------------+
| K-point batch 25/165                                                         |
+------------------------------------------------------------------------------+
                   |-----------------------------------------------------------|
EXX iteration 1   : ===========================================================
EXX iteration 2   : ===========================================================

Eigenvalues converged to within 0.000232 eV
[08/11/26 23:44:35] Batch complete. Estimated time remaining: 0:25:30

+------------------------------------------------------------------------------+
| K-point batch 26/165                                                         |
+------------------------------------------------------------------------------+
                   |-----------------------------------------------------------|
EXX iteration 1   : ===========================================================
EXX iteration 2   : ===========================================================

Eigenvalues converged to within 0.000227 eV
[08/11/26 23:44:45] Batch complete. Estimated time remaining: 0:25:16

+------------------------------------------------------------------------------+
| K-point batch 27/165                                                         |
+------------------------------------------------------------------------------+
                   |-----------------------------------------------------------|
EXX iteration 1   : ===========================================================
EXX iteration 2   : ===========================================================

Eigenvalues converged to within 0.000223 eV
[08/11/26 23:44:55] Batch complete. Estimated time remaining: 0:25:03

+------------------------------------------------------------------------------+
| K-point batch 28/165                                                         |
+------------------------------------------------------------------------------+
                   |-----------------------------------------------------------|
EXX iteration 1   : ===========================================================
EXX iteration 2   : ===========================================================

Eigenvalues converged to within 0.000227 eV
[08/11/26 23:45:06] Batch complete. Estimated time remaining: 0:24:50

+------------------------------------------------------------------------------+
| K-point batch 29/165                                                         |
+------------------------------------------------------------------------------+
                   |-----------------------------------------------------------|
EXX iteration 1   : ===========================================================
EXX iteration 2   : ===========================================================

Eigenvalues converged to within 0.000243 eV
[08/11/26 23:45:16] Batch complete. Estimated time remaining: 0:24:37

+------------------------------------------------------------------------------+
| K-point batch 30/165                                                         |
+------------------------------------------------------------------------------+
                   |-----------------------------------------------------------|
EXX iteration 1   : ===========================================================
EXX iteration 2   : ===========================================================

Eigenvalues converged to within 0.000456 eV
[08/11/26 23:45:27] Batch complete. Estimated time remaining: 0:24:23

+------------------------------------------------------------------------------+
| K-point batch 31/165                                                         |
+------------------------------------------------------------------------------+
                   |-----------------------------------------------------------|
EXX iteration 1   : ===========================================================
EXX iteration 2   : ===========================================================

Eigenvalues converged to within 0.000424 eV
[08/11/26 23:45:37] Batch complete. Estimated time remaining: 0:24:10

+------------------------------------------------------------------------------+
| K-point batch 32/165                                                         |
+------------------------------------------------------------------------------+
                   |-----------------------------------------------------------|
EXX iteration 1   : ===========================================================
EXX iteration 2   : ===========================================================

Eigenvalues converged to within 0.000396 eV
[08/11/26 23:45:47] Batch complete. Estimated time remaining: 0:23:58

+------------------------------------------------------------------------------+
| K-point batch 33/165                                                         |
+------------------------------------------------------------------------------+
                   |-----------------------------------------------------------|
EXX iteration 1   : ===========================================================
EXX iteration 2   : ===========================================================

Eigenvalues converged to within 0.000372 eV
[08/11/26 23:45:58] Batch complete. Estimated time remaining: 0:23:45

+------------------------------------------------------------------------------+
| K-point batch 34/165                                                         |
+------------------------------------------------------------------------------+
                   |-----------------------------------------------------------|
EXX iteration 1   : ===========================================================
EXX iteration 2   : ===========================================================

Eigenvalues converged to within 0.000358 eV
[08/11/26 23:46:08] Batch complete. Estimated time remaining: 0:23:33

+------------------------------------------------------------------------------+
| K-point batch 35/165                                                         |
+------------------------------------------------------------------------------+
                   |-----------------------------------------------------------|
EXX iteration 1   : ===========================================================
EXX iteration 2   : ===========================================================

Eigenvalues converged to within 0.000391 eV
[08/11/26 23:46:19] Batch complete. Estimated time remaining: 0:23:21

+------------------------------------------------------------------------------+
| K-point batch 36/165                                                         |
+------------------------------------------------------------------------------+
                   |-----------------------------------------------------------|
EXX iteration 1   : ===========================================================
EXX iteration 2   : ===========================================================

Eigenvalues converged to within 0.00043 eV
[08/11/26 23:46:29] Batch complete. Estimated time remaining: 0:23:08

+------------------------------------------------------------------------------+
| K-point batch 37/165                                                         |
+------------------------------------------------------------------------------+
                   |-----------------------------------------------------------|
EXX iteration 1   : ===========================================================
EXX iteration 2   : ===========================================================

Eigenvalues converged to within 0.000477 eV
[08/11/26 23:46:39] Batch complete. Estimated time remaining: 0:22:56

+------------------------------------------------------------------------------+
| K-point batch 38/165                                                         |
+------------------------------------------------------------------------------+
                   |-----------------------------------------------------------|
EXX iteration 1   : ===========================================================
EXX iteration 2   : ===========================================================

Eigenvalues converged to within 0.000536 eV
[08/11/26 23:46:50] Batch complete. Estimated time remaining: 0:22:44

+------------------------------------------------------------------------------+
| K-point batch 39/165                                                         |
+------------------------------------------------------------------------------+
                   |-----------------------------------------------------------|
EXX iteration 1   : ===========================================================
EXX iteration 2   : ===========================================================

Eigenvalues converged to within 0.000539 eV
[08/11/26 23:47:00] Batch complete. Estimated time remaining: 0:22:32

+------------------------------------------------------------------------------+
| K-point batch 40/165                                                         |
+------------------------------------------------------------------------------+
                   |-----------------------------------------------------------|
EXX iteration 1   : ===========================================================
EXX iteration 2   : ===========================================================

Eigenvalues converged to within 0.00063 eV
[08/11/26 23:47:11] Batch complete. Estimated time remaining: 0:22:21

+------------------------------------------------------------------------------+
| K-point batch 41/165                                                         |
+------------------------------------------------------------------------------+
                   |-----------------------------------------------------------|
EXX iteration 1   : ===========================================================
EXX iteration 2   : ===========================================================

Eigenvalues converged to within 0.000735 eV
[08/11/26 23:47:21] Batch complete. Estimated time remaining: 0:22:09

+------------------------------------------------------------------------------+
| K-point batch 42/165                                                         |
+------------------------------------------------------------------------------+
                   |-----------------------------------------------------------|
EXX iteration 1   : ===========================================================
EXX iteration 2   : ===========================================================

Eigenvalues converged to within 0.000816 eV
[08/11/26 23:47:32] Batch complete. Estimated time remaining: 0:21:58

+------------------------------------------------------------------------------+
| K-point batch 43/165                                                         |
+------------------------------------------------------------------------------+
                   |-----------------------------------------------------------|
EXX iteration 1   : ===========================================================
EXX iteration 2   : ===========================================================

Eigenvalues converged to within 0.000814 eV
[08/11/26 23:47:42] Batch complete. Estimated time remaining: 0:21:48

+------------------------------------------------------------------------------+
| K-point batch 44/165                                                         |
+------------------------------------------------------------------------------+
                   |-----------------------------------------------------------|
EXX iteration 1   : ===========================================================
EXX iteration 2   : ===========================================================

Eigenvalues converged to within 0.000812 eV
[08/11/26 23:47:53] Batch complete. Estimated time remaining: 0:21:36

+------------------------------------------------------------------------------+
| K-point batch 45/165                                                         |
+------------------------------------------------------------------------------+
                   |-----------------------------------------------------------|
EXX iteration 1   : ===========================================================
EXX iteration 2   : ===========================================================

Eigenvalues converged to within 0.000808 eV
[08/11/26 23:48:04] Batch complete. Estimated time remaining: 0:21:26

+------------------------------------------------------------------------------+
| K-point batch 46/165                                                         |
+------------------------------------------------------------------------------+
                   |-----------------------------------------------------------|
EXX iteration 1   : ===========================================================
EXX iteration 2   : ===========================================================

Eigenvalues converged to within 0.000801 eV
[08/11/26 23:48:14] Batch complete. Estimated time remaining: 0:21:15

+------------------------------------------------------------------------------+
| K-point batch 47/165                                                         |
+------------------------------------------------------------------------------+
                   |-----------------------------------------------------------|
EXX iteration 1   : ===========================================================
EXX iteration 2   : ===========================================================

Eigenvalues converged to within 0.000787 eV
[08/11/26 23:48:25] Batch complete. Estimated time remaining: 0:21:04

+------------------------------------------------------------------------------+
| K-point batch 48/165                                                         |
+------------------------------------------------------------------------------+
                   |-----------------------------------------------------------|
EXX iteration 1   : ===========================================================
EXX iteration 2   : ===========================================================

Eigenvalues converged to within 0.000766 eV
[08/11/26 23:48:36] Batch complete. Estimated time remaining: 0:20:53

+------------------------------------------------------------------------------+
| K-point batch 49/165                                                         |
+------------------------------------------------------------------------------+
                   |-----------------------------------------------------------|
EXX iteration 1   : ===========================================================
EXX iteration 2   : ===========================================================

Eigenvalues converged to within 0.000739 eV
[08/11/26 23:48:46] Batch complete. Estimated time remaining: 0:20:42

+------------------------------------------------------------------------------+
| K-point batch 50/165                                                         |
+------------------------------------------------------------------------------+
                   |-----------------------------------------------------------|
EXX iteration 1   : ===========================================================
EXX iteration 2   : ===========================================================

Eigenvalues converged to within 0.000708 eV
[08/11/26 23:48:57] Batch complete. Estimated time remaining: 0:20:31

+------------------------------------------------------------------------------+
| K-point batch 51/165                                                         |
+------------------------------------------------------------------------------+
                   |-----------------------------------------------------------|
EXX iteration 1   : ===========================================================
EXX iteration 2   : ===========================================================

Eigenvalues converged to within 0.000676 eV
[08/11/26 23:49:08] Batch complete. Estimated time remaining: 0:20:21

+------------------------------------------------------------------------------+
| K-point batch 52/165                                                         |
+------------------------------------------------------------------------------+
                   |-----------------------------------------------------------|
EXX iteration 1   : ===========================================================
EXX iteration 2   : ===========================================================

Eigenvalues converged to within 0.000644 eV
[08/11/26 23:49:18] Batch complete. Estimated time remaining: 0:20:10

+------------------------------------------------------------------------------+
| K-point batch 53/165                                                         |
+------------------------------------------------------------------------------+
                   |-----------------------------------------------------------|
EXX iteration 1   : ===========================================================
EXX iteration 2   : ===========================================================

Eigenvalues converged to within 0.000615 eV
[08/11/26 23:49:29] Batch complete. Estimated time remaining: 0:19:59

+------------------------------------------------------------------------------+
| K-point batch 54/165                                                         |
+------------------------------------------------------------------------------+
                   |-----------------------------------------------------------|
EXX iteration 1   : ===========================================================
EXX iteration 2   : ===========================================================

Eigenvalues converged to within 0.000588 eV
[08/11/26 23:49:40] Batch complete. Estimated time remaining: 0:19:49

+------------------------------------------------------------------------------+
| K-point batch 55/165                                                         |
+------------------------------------------------------------------------------+
                   |-----------------------------------------------------------|
EXX iteration 1   : ===========================================================
EXX iteration 2   : ===========================================================

Eigenvalues converged to within 0.000564 eV
[08/11/26 23:49:51] Batch complete. Estimated time remaining: 0:19:38

+------------------------------------------------------------------------------+
| K-point batch 56/165                                                         |
+------------------------------------------------------------------------------+
                   |-----------------------------------------------------------|
EXX iteration 1   : ===========================================================
EXX iteration 2   : ===========================================================

Eigenvalues converged to within 0.000542 eV
[08/11/26 23:50:01] Batch complete. Estimated time remaining: 0:19:28

+------------------------------------------------------------------------------+
| K-point batch 57/165                                                         |
+------------------------------------------------------------------------------+
                   |-----------------------------------------------------------|
EXX iteration 1   : ===========================================================
EXX iteration 2   : ===========================================================

Eigenvalues converged to within 0.000523 eV
[08/11/26 23:50:12] Batch complete. Estimated time remaining: 0:19:17

+------------------------------------------------------------------------------+
| K-point batch 58/165                                                         |
+------------------------------------------------------------------------------+
                   |-----------------------------------------------------------|
EXX iteration 1   : ===========================================================
EXX iteration 2   : ===========================================================

Eigenvalues converged to within 0.000505 eV
[08/11/26 23:50:23] Batch complete. Estimated time remaining: 0:19:06

+------------------------------------------------------------------------------+
| K-point batch 59/165                                                         |
+------------------------------------------------------------------------------+
                   |-----------------------------------------------------------|
EXX iteration 1   : ===========================================================
EXX iteration 2   : ===========================================================

Eigenvalues converged to within 0.00049 eV
[08/11/26 23:50:34] Batch complete. Estimated time remaining: 0:18:56

+------------------------------------------------------------------------------+
| K-point batch 60/165                                                         |
+------------------------------------------------------------------------------+
                   |-----------------------------------------------------------|
EXX iteration 1   : ===========================================================
EXX iteration 2   : ===========================================================

Eigenvalues converged to within 0.000476 eV
[08/11/26 23:50:45] Batch complete. Estimated time remaining: 0:18:46

+------------------------------------------------------------------------------+
| K-point batch 61/165                                                         |
+------------------------------------------------------------------------------+
                   |-----------------------------------------------------------|
EXX iteration 1   : ===========================================================
EXX iteration 2   : ===========================================================

Eigenvalues converged to within 0.000463 eV
[08/11/26 23:50:56] Batch complete. Estimated time remaining: 0:18:35

+------------------------------------------------------------------------------+
| K-point batch 62/165                                                         |
+------------------------------------------------------------------------------+
                   |-----------------------------------------------------------|
EXX iteration 1   : ===========================================================
EXX iteration 2   : ===========================================================

Eigenvalues converged to within 0.000452 eV
[08/11/26 23:51:07] Batch complete. Estimated time remaining: 0:18:25

+------------------------------------------------------------------------------+
| K-point batch 63/165                                                         |
+------------------------------------------------------------------------------+
                   |-----------------------------------------------------------|
EXX iteration 1   : ===========================================================
EXX iteration 2   : ===========================================================

Eigenvalues converged to within 0.000442 eV
[08/11/26 23:51:18] Batch complete. Estimated time remaining: 0:18:15

+------------------------------------------------------------------------------+
| K-point batch 64/165                                                         |
+------------------------------------------------------------------------------+
                   |-----------------------------------------------------------|
EXX iteration 1   : ===========================================================
EXX iteration 2   : ===========================================================

Eigenvalues converged to within 0.000433 eV
[08/11/26 23:51:29] Batch complete. Estimated time remaining: 0:18:04

+------------------------------------------------------------------------------+
| K-point batch 65/165                                                         |
+------------------------------------------------------------------------------+
                   |-----------------------------------------------------------|
EXX iteration 1   : ===========================================================
EXX iteration 2   : ===========================================================

Eigenvalues converged to within 0.000425 eV
[08/11/26 23:51:39] Batch complete. Estimated time remaining: 0:17:53

+------------------------------------------------------------------------------+
| K-point batch 66/165                                                         |
+------------------------------------------------------------------------------+
                   |-----------------------------------------------------------|
EXX iteration 1   : ===========================================================
EXX iteration 2   : ===========================================================

Eigenvalues converged to within 0.000417 eV
[08/11/26 23:51:50] Batch complete. Estimated time remaining: 0:17:43

+------------------------------------------------------------------------------+
| K-point batch 67/165                                                         |
+------------------------------------------------------------------------------+
                   |-----------------------------------------------------------|
EXX iteration 1   : ===========================================================
EXX iteration 2   : ===========================================================

Eigenvalues converged to within 0.000411 eV
[08/11/26 23:52:01] Batch complete. Estimated time remaining: 0:17:32

+------------------------------------------------------------------------------+
| K-point batch 68/165                                                         |
+------------------------------------------------------------------------------+
                   |-----------------------------------------------------------|
EXX iteration 1   : ===========================================================
EXX iteration 2   : ===========================================================

Eigenvalues converged to within 0.000406 eV
[08/11/26 23:52:12] Batch complete. Estimated time remaining: 0:17:21

+------------------------------------------------------------------------------+
| K-point batch 69/165                                                         |
+------------------------------------------------------------------------------+
                   |-----------------------------------------------------------|
EXX iteration 1   : ===========================================================
EXX iteration 2   : ===========================================================

Eigenvalues converged to within 0.000401 eV
[08/11/26 23:52:22] Batch complete. Estimated time remaining: 0:17:11

+------------------------------------------------------------------------------+
| K-point batch 70/165                                                         |
+------------------------------------------------------------------------------+
                   |-----------------------------------------------------------|
EXX iteration 1   : ===========================================================
EXX iteration 2   : ===========================================================

Eigenvalues converged to within 0.000396 eV
[08/11/26 23:52:33] Batch complete. Estimated time remaining: 0:17:00

+------------------------------------------------------------------------------+
| K-point batch 71/165                                                         |
+------------------------------------------------------------------------------+
                   |-----------------------------------------------------------|
EXX iteration 1   : ===========================================================
EXX iteration 2   : ===========================================================

Eigenvalues converged to within 0.000392 eV
[08/11/26 23:52:44] Batch complete. Estimated time remaining: 0:16:49

+------------------------------------------------------------------------------+
| K-point batch 72/165                                                         |
+------------------------------------------------------------------------------+
                   |-----------------------------------------------------------|
EXX iteration 1   : ===========================================================
EXX iteration 2   : ===========================================================

Eigenvalues converged to within 0.000389 eV
[08/11/26 23:52:55] Batch complete. Estimated time remaining: 0:16:39

+------------------------------------------------------------------------------+
| K-point batch 73/165                                                         |
+------------------------------------------------------------------------------+
                   |-----------------------------------------------------------|
EXX iteration 1   : ===========================================================
EXX iteration 2   : ===========================================================

Eigenvalues converged to within 0.000387 eV
[08/11/26 23:53:06] Batch complete. Estimated time remaining: 0:16:28

+------------------------------------------------------------------------------+
| K-point batch 74/165                                                         |
+------------------------------------------------------------------------------+
                   |-----------------------------------------------------------|
EXX iteration 1   : ===========================================================
EXX iteration 2   : ===========================================================

Eigenvalues converged to within 0.000385 eV
[08/11/26 23:53:17] Batch complete. Estimated time remaining: 0:16:17

+------------------------------------------------------------------------------+
| K-point batch 75/165                                                         |
+------------------------------------------------------------------------------+
                   |-----------------------------------------------------------|
EXX iteration 1   : ===========================================================
EXX iteration 2   : ===========================================================

Eigenvalues converged to within 0.000383 eV
[08/11/26 23:53:28] Batch complete. Estimated time remaining: 0:16:07

+------------------------------------------------------------------------------+
| K-point batch 76/165                                                         |
+------------------------------------------------------------------------------+
                   |-----------------------------------------------------------|
EXX iteration 1   : ===========================================================
EXX iteration 2   : ===========================================================

Eigenvalues converged to within 0.000381 eV
[08/11/26 23:53:39] Batch complete. Estimated time remaining: 0:15:57

+------------------------------------------------------------------------------+
| K-point batch 77/165                                                         |
+------------------------------------------------------------------------------+
                   |-----------------------------------------------------------|
EXX iteration 1   : ===========================================================
EXX iteration 2   : ===========================================================

Eigenvalues converged to within 0.00038 eV
[08/11/26 23:53:49] Batch complete. Estimated time remaining: 0:15:46

+------------------------------------------------------------------------------+
| K-point batch 78/165                                                         |
+------------------------------------------------------------------------------+
                   |-----------------------------------------------------------|
EXX iteration 1   : ===========================================================
EXX iteration 2   : ===========================================================

Eigenvalues converged to within 0.00038 eV
[08/11/26 23:54:00] Batch complete. Estimated time remaining: 0:15:35

+------------------------------------------------------------------------------+
| K-point batch 79/165                                                         |
+------------------------------------------------------------------------------+
                   |-----------------------------------------------------------|
EXX iteration 1   : ===========================================================
EXX iteration 2   : ===========================================================

Eigenvalues converged to within 0.000379 eV
[08/11/26 23:54:11] Batch complete. Estimated time remaining: 0:15:25

+------------------------------------------------------------------------------+
| K-point batch 80/165                                                         |
+------------------------------------------------------------------------------+
                   |-----------------------------------------------------------|
EXX iteration 1   : ===========================================================
EXX iteration 2   : ===========================================================

Eigenvalues converged to within 0.000379 eV
[08/11/26 23:54:22] Batch complete. Estimated time remaining: 0:15:14

+------------------------------------------------------------------------------+
| K-point batch 81/165                                                         |
+------------------------------------------------------------------------------+
                   |-----------------------------------------------------------|
EXX iteration 1   : ===========================================================
EXX iteration 2   : ===========================================================

Eigenvalues converged to within 0.000378 eV
[08/11/26 23:54:33] Batch complete. Estimated time remaining: 0:15:03

+------------------------------------------------------------------------------+
| K-point batch 82/165                                                         |
+------------------------------------------------------------------------------+
                   |-----------------------------------------------------------|
EXX iteration 1   : ===========================================================
EXX iteration 2   : ===========================================================

Eigenvalues converged to within 0.000379 eV
[08/11/26 23:54:43] Batch complete. Estimated time remaining: 0:14:52

+------------------------------------------------------------------------------+
| K-point batch 83/165                                                         |
+------------------------------------------------------------------------------+
                   |-----------------------------------------------------------|
EXX iteration 1   : ===========================================================
EXX iteration 2   : ===========================================================

Eigenvalues converged to within 0.000379 eV
[08/11/26 23:54:54] Batch complete. Estimated time remaining: 0:14:42

+------------------------------------------------------------------------------+
| K-point batch 84/165                                                         |
+------------------------------------------------------------------------------+
                   |-----------------------------------------------------------|
EXX iteration 1   : ===========================================================
EXX iteration 2   : ===========================================================

Eigenvalues converged to within 0.000441 eV
[08/11/26 23:55:05] Batch complete. Estimated time remaining: 0:14:31

+------------------------------------------------------------------------------+
| K-point batch 85/165                                                         |
+------------------------------------------------------------------------------+
                   |-----------------------------------------------------------|
EXX iteration 1   : ===========================================================
EXX iteration 2   : ===========================================================

Eigenvalues converged to within 0.000429 eV
[08/11/26 23:55:16] Batch complete. Estimated time remaining: 0:14:20

+------------------------------------------------------------------------------+
| K-point batch 86/165                                                         |
+------------------------------------------------------------------------------+
                   |-----------------------------------------------------------|
EXX iteration 1   : ===========================================================
EXX iteration 2   : ===========================================================

Eigenvalues converged to within 0.000418 eV
[08/11/26 23:55:26] Batch complete. Estimated time remaining: 0:14:09

+------------------------------------------------------------------------------+
| K-point batch 87/165                                                         |
+------------------------------------------------------------------------------+
                   |-----------------------------------------------------------|
EXX iteration 1   : ===========================================================
EXX iteration 2   : ===========================================================

Eigenvalues converged to within 0.000408 eV
[08/11/26 23:55:37] Batch complete. Estimated time remaining: 0:13:58

+------------------------------------------------------------------------------+
| K-point batch 88/165                                                         |
+------------------------------------------------------------------------------+
                   |-----------------------------------------------------------|
EXX iteration 1   : ===========================================================
EXX iteration 2   : ===========================================================

Eigenvalues converged to within 0.000407 eV
[08/11/26 23:55:48] Batch complete. Estimated time remaining: 0:13:48

+------------------------------------------------------------------------------+
| K-point batch 89/165                                                         |
+------------------------------------------------------------------------------+
                   |-----------------------------------------------------------|
EXX iteration 1   : ===========================================================
EXX iteration 2   : ===========================================================

Eigenvalues converged to within 0.000411 eV
[08/11/26 23:55:58] Batch complete. Estimated time remaining: 0:13:37

+------------------------------------------------------------------------------+
| K-point batch 90/165                                                         |
+------------------------------------------------------------------------------+
                   |-----------------------------------------------------------|
EXX iteration 1   : ===========================================================
EXX iteration 2   : ===========================================================

Eigenvalues converged to within 0.000417 eV
[08/11/26 23:56:09] Batch complete. Estimated time remaining: 0:13:26

+------------------------------------------------------------------------------+
| K-point batch 91/165                                                         |
+------------------------------------------------------------------------------+
                   |-----------------------------------------------------------|
EXX iteration 1   : ===========================================================
EXX iteration 2   : ===========================================================

Eigenvalues converged to within 0.000423 eV
[08/11/26 23:56:20] Batch complete. Estimated time remaining: 0:13:15

+------------------------------------------------------------------------------+
| K-point batch 92/165                                                         |
+------------------------------------------------------------------------------+
                   |-----------------------------------------------------------|
EXX iteration 1   : ===========================================================
EXX iteration 2   : ===========================================================

Eigenvalues converged to within 0.00043 eV
[08/11/26 23:56:31] Batch complete. Estimated time remaining: 0:13:05

+------------------------------------------------------------------------------+
| K-point batch 93/165                                                         |
+------------------------------------------------------------------------------+
                   |-----------------------------------------------------------|
EXX iteration 1   : ===========================================================
EXX iteration 2   : ===========================================================

Eigenvalues converged to within 0.000438 eV
[08/11/26 23:56:42] Batch complete. Estimated time remaining: 0:12:54

+------------------------------------------------------------------------------+
| K-point batch 94/165                                                         |
+------------------------------------------------------------------------------+
                   |-----------------------------------------------------------|
EXX iteration 1   : ===========================================================
EXX iteration 2   : ===========================================================

Eigenvalues converged to within 0.000445 eV
[08/11/26 23:56:52] Batch complete. Estimated time remaining: 0:12:43

+------------------------------------------------------------------------------+
| K-point batch 95/165                                                         |
+------------------------------------------------------------------------------+
                   |-----------------------------------------------------------|
EXX iteration 1   : ===========================================================
EXX iteration 2   : ===========================================================

Eigenvalues converged to within 0.000453 eV
[08/11/26 23:57:04] Batch complete. Estimated time remaining: 0:12:33

+------------------------------------------------------------------------------+
| K-point batch 96/165                                                         |
+------------------------------------------------------------------------------+
                   |-----------------------------------------------------------|
EXX iteration 1   : ===========================================================
EXX iteration 2   : ===========================================================

Eigenvalues converged to within 0.000461 eV
[08/11/26 23:57:14] Batch complete. Estimated time remaining: 0:12:22

+------------------------------------------------------------------------------+
| K-point batch 97/165                                                         |
+------------------------------------------------------------------------------+
                   |-----------------------------------------------------------|
EXX iteration 1   : ===========================================================
EXX iteration 2   : ===========================================================

Eigenvalues converged to within 0.000469 eV
[08/11/26 23:57:25] Batch complete. Estimated time remaining: 0:12:11

+------------------------------------------------------------------------------+
| K-point batch 98/165                                                         |
+------------------------------------------------------------------------------+
                   |-----------------------------------------------------------|
EXX iteration 1   : ===========================================================
EXX iteration 2   : ===========================================================

Eigenvalues converged to within 0.000476 eV
[08/11/26 23:57:36] Batch complete. Estimated time remaining: 0:12:00

+------------------------------------------------------------------------------+
| K-point batch 99/165                                                         |
+------------------------------------------------------------------------------+
                   |-----------------------------------------------------------|
EXX iteration 1   : ===========================================================
EXX iteration 2   : ===========================================================

Eigenvalues converged to within 0.000482 eV
[08/11/26 23:57:47] Batch complete. Estimated time remaining: 0:11:50

+------------------------------------------------------------------------------+
| K-point batch 100/165                                                        |
+------------------------------------------------------------------------------+
                   |-----------------------------------------------------------|
EXX iteration 1   : ===========================================================
EXX iteration 2   : ===========================================================

Eigenvalues converged to within 0.000487 eV
[08/11/26 23:57:57] Batch complete. Estimated time remaining: 0:11:39

+------------------------------------------------------------------------------+
| K-point batch 101/165                                                        |
+------------------------------------------------------------------------------+
                   |-----------------------------------------------------------|
EXX iteration 1   : ===========================================================
EXX iteration 2   : ===========================================================

Eigenvalues converged to within 0.000491 eV
[08/11/26 23:58:08] Batch complete. Estimated time remaining: 0:11:28

+------------------------------------------------------------------------------+
| K-point batch 102/165                                                        |
+------------------------------------------------------------------------------+
                   |-----------------------------------------------------------|
EXX iteration 1   : ===========================================================
EXX iteration 2   : ===========================================================

Eigenvalues converged to within 0.000492 eV
[08/11/26 23:58:19] Batch complete. Estimated time remaining: 0:11:17

+------------------------------------------------------------------------------+
| K-point batch 103/165                                                        |
+------------------------------------------------------------------------------+
                   |-----------------------------------------------------------|
EXX iteration 1   : ===========================================================
EXX iteration 2   : ===========================================================

Eigenvalues converged to within 0.00049 eV
[08/11/26 23:58:30] Batch complete. Estimated time remaining: 0:11:07

+------------------------------------------------------------------------------+
| K-point batch 104/165                                                        |
+------------------------------------------------------------------------------+
                   |-----------------------------------------------------------|
EXX iteration 1   : ===========================================================
EXX iteration 2   : ===========================================================

Eigenvalues converged to within 0.000484 eV
[08/11/26 23:58:40] Batch complete. Estimated time remaining: 0:10:56

+------------------------------------------------------------------------------+
| K-point batch 105/165                                                        |
+------------------------------------------------------------------------------+
                   |-----------------------------------------------------------|
EXX iteration 1   : ===========================================================
EXX iteration 2   : ===========================================================

Eigenvalues converged to within 0.000473 eV
[08/11/26 23:58:51] Batch complete. Estimated time remaining: 0:10:45

+------------------------------------------------------------------------------+
| K-point batch 106/165                                                        |
+------------------------------------------------------------------------------+
                   |-----------------------------------------------------------|
EXX iteration 1   : ===========================================================
EXX iteration 2   : ===========================================================

Eigenvalues converged to within 0.000455 eV
[08/11/26 23:59:02] Batch complete. Estimated time remaining: 0:10:34

+------------------------------------------------------------------------------+
| K-point batch 107/165                                                        |
+------------------------------------------------------------------------------+
                   |-----------------------------------------------------------|
EXX iteration 1   : ===========================================================
EXX iteration 2   : ===========================================================

Eigenvalues converged to within 0.000429 eV
[08/11/26 23:59:13] Batch complete. Estimated time remaining: 0:10:24

+------------------------------------------------------------------------------+
| K-point batch 108/165                                                        |
+------------------------------------------------------------------------------+
                   |-----------------------------------------------------------|
EXX iteration 1   : ===========================================================
EXX iteration 2   : ===========================================================

Eigenvalues converged to within 0.000436 eV
[08/11/26 23:59:24] Batch complete. Estimated time remaining: 0:10:13

+------------------------------------------------------------------------------+
| K-point batch 109/165                                                        |
+------------------------------------------------------------------------------+
                   |-----------------------------------------------------------|
EXX iteration 1   : ===========================================================
EXX iteration 2   : ===========================================================

Eigenvalues converged to within 0.000461 eV
[08/11/26 23:59:34] Batch complete. Estimated time remaining: 0:10:02

+------------------------------------------------------------------------------+
| K-point batch 110/165                                                        |
+------------------------------------------------------------------------------+
                   |-----------------------------------------------------------|
EXX iteration 1   : ===========================================================
EXX iteration 2   : ===========================================================

Eigenvalues converged to within 0.000488 eV
[08/11/26 23:59:45] Batch complete. Estimated time remaining: 0:09:51

+------------------------------------------------------------------------------+
| K-point batch 111/165                                                        |
+------------------------------------------------------------------------------+
                   |-----------------------------------------------------------|
EXX iteration 1   : ===========================================================
EXX iteration 2   : ===========================================================

Eigenvalues converged to within 0.000516 eV
[08/11/26 23:59:56] Batch complete. Estimated time remaining: 0:09:41

+------------------------------------------------------------------------------+
| K-point batch 112/165                                                        |
+------------------------------------------------------------------------------+
                   |-----------------------------------------------------------|
EXX iteration 1   : ===========================================================
EXX iteration 2   : ===========================================================

Eigenvalues converged to within 0.00054 eV
[08/12/26 00:00:07] Batch complete. Estimated time remaining: 0:09:30

+------------------------------------------------------------------------------+
| K-point batch 113/165                                                        |
+------------------------------------------------------------------------------+
                   |-----------------------------------------------------------|
EXX iteration 1   : ===========================================================
EXX iteration 2   : ===========================================================

Eigenvalues converged to within 0.000558 eV
[08/12/26 00:00:18] Batch complete. Estimated time remaining: 0:09:19

+------------------------------------------------------------------------------+
| K-point batch 114/165                                                        |
+------------------------------------------------------------------------------+
                   |-----------------------------------------------------------|
EXX iteration 1   : ===========================================================
EXX iteration 2   : ===========================================================

Eigenvalues converged to within 0.000571 eV
[08/12/26 00:00:29] Batch complete. Estimated time remaining: 0:09:09

+------------------------------------------------------------------------------+
| K-point batch 115/165                                                        |
+------------------------------------------------------------------------------+
                   |-----------------------------------------------------------|
EXX iteration 1   : ===========================================================
EXX iteration 2   : ===========================================================

Eigenvalues converged to within 0.000578 eV
[08/12/26 00:00:39] Batch complete. Estimated time remaining: 0:08:58

+------------------------------------------------------------------------------+
| K-point batch 116/165                                                        |
+------------------------------------------------------------------------------+
                   |-----------------------------------------------------------|
EXX iteration 1   : ===========================================================
EXX iteration 2   : ===========================================================

Eigenvalues converged to within 0.000582 eV
[08/12/26 00:00:50] Batch complete. Estimated time remaining: 0:08:47

+------------------------------------------------------------------------------+
| K-point batch 117/165                                                        |
+------------------------------------------------------------------------------+
                   |-----------------------------------------------------------|
EXX iteration 1   : ===========================================================
EXX iteration 2   : ===========================================================

Eigenvalues converged to within 0.000583 eV
[08/12/26 00:01:01] Batch complete. Estimated time remaining: 0:08:36

+------------------------------------------------------------------------------+
| K-point batch 118/165                                                        |
+------------------------------------------------------------------------------+
                   |-----------------------------------------------------------|
EXX iteration 1   : ===========================================================
EXX iteration 2   : ===========================================================

Eigenvalues converged to within 0.000582 eV
[08/12/26 00:01:12] Batch complete. Estimated time remaining: 0:08:26

+------------------------------------------------------------------------------+
| K-point batch 119/165                                                        |
+------------------------------------------------------------------------------+
                   |-----------------------------------------------------------|
EXX iteration 1   : ===========================================================
EXX iteration 2   : ===========================================================

Eigenvalues converged to within 0.00058 eV
[08/12/26 00:01:23] Batch complete. Estimated time remaining: 0:08:15

+------------------------------------------------------------------------------+
| K-point batch 120/165                                                        |
+------------------------------------------------------------------------------+
                   |-----------------------------------------------------------|
EXX iteration 1   : ===========================================================
EXX iteration 2   : ===========================================================

Eigenvalues converged to within 0.000578 eV
[08/12/26 00:01:34] Batch complete. Estimated time remaining: 0:08:04

+------------------------------------------------------------------------------+
| K-point batch 121/165                                                        |
+------------------------------------------------------------------------------+
                   |-----------------------------------------------------------|
EXX iteration 1   : ===========================================================
EXX iteration 2   : ===========================================================

Eigenvalues converged to within 0.000576 eV
[08/12/26 00:01:45] Batch complete. Estimated time remaining: 0:07:53

+------------------------------------------------------------------------------+
| K-point batch 122/165                                                        |
+------------------------------------------------------------------------------+
                   |-----------------------------------------------------------|
EXX iteration 1   : ===========================================================
EXX iteration 2   : ===========================================================

Eigenvalues converged to within 0.000575 eV
[08/12/26 00:01:55] Batch complete. Estimated time remaining: 0:07:43

+------------------------------------------------------------------------------+
| K-point batch 123/165                                                        |
+------------------------------------------------------------------------------+
                   |-----------------------------------------------------------|
EXX iteration 1   : ===========================================================
EXX iteration 2   : ===========================================================

Eigenvalues converged to within 0.000574 eV
[08/12/26 00:02:07] Batch complete. Estimated time remaining: 0:07:32

+------------------------------------------------------------------------------+
| K-point batch 124/165                                                        |
+------------------------------------------------------------------------------+
                   |-----------------------------------------------------------|
EXX iteration 1   : ===========================================================
EXX iteration 2   : ===========================================================

Eigenvalues converged to within 0.000574 eV
[08/12/26 00:02:17] Batch complete. Estimated time remaining: 0:07:21

+------------------------------------------------------------------------------+
| K-point batch 125/165                                                        |
+------------------------------------------------------------------------------+
                   |-----------------------------------------------------------|
EXX iteration 1   : ===========================================================
EXX iteration 2   : ===========================================================

Eigenvalues converged to within 0.000574 eV
[08/12/26 00:02:28] Batch complete. Estimated time remaining: 0:07:11

+------------------------------------------------------------------------------+
| K-point batch 126/165                                                        |
+------------------------------------------------------------------------------+
                   |-----------------------------------------------------------|
EXX iteration 1   : ===========================================================
EXX iteration 2   : ===========================================================

Eigenvalues converged to within 0.000576 eV
[08/12/26 00:02:39] Batch complete. Estimated time remaining: 0:07:00

+------------------------------------------------------------------------------+
| K-point batch 127/165                                                        |
+------------------------------------------------------------------------------+
                   |-----------------------------------------------------------|
EXX iteration 1   : ===========================================================
EXX iteration 2   : ===========================================================

Eigenvalues converged to within 0.000578 eV
[08/12/26 00:02:50] Batch complete. Estimated time remaining: 0:06:49

+------------------------------------------------------------------------------+
| K-point batch 128/165                                                        |
+------------------------------------------------------------------------------+
                   |-----------------------------------------------------------|
EXX iteration 1   : ===========================================================
EXX iteration 2   : ===========================================================

Eigenvalues converged to within 0.000581 eV
[08/12/26 00:03:01] Batch complete. Estimated time remaining: 0:06:38

+------------------------------------------------------------------------------+
| K-point batch 129/165                                                        |
+------------------------------------------------------------------------------+
                   |-----------------------------------------------------------|
EXX iteration 1   : ===========================================================
EXX iteration 2   : ===========================================================

Eigenvalues converged to within 0.000584 eV
[08/12/26 00:03:12] Batch complete. Estimated time remaining: 0:06:27

+------------------------------------------------------------------------------+
| K-point batch 130/165                                                        |
+------------------------------------------------------------------------------+
                   |-----------------------------------------------------------|
EXX iteration 1   : ===========================================================
EXX iteration 2   : ===========================================================

Eigenvalues converged to within 0.000588 eV
[08/12/26 00:03:22] Batch complete. Estimated time remaining: 0:06:17

+------------------------------------------------------------------------------+
| K-point batch 131/165                                                        |
+------------------------------------------------------------------------------+
                   |-----------------------------------------------------------|
EXX iteration 1   : ===========================================================
EXX iteration 2   : ===========================================================

Eigenvalues converged to within 0.000592 eV
[08/12/26 00:03:33] Batch complete. Estimated time remaining: 0:06:06

+------------------------------------------------------------------------------+
| K-point batch 132/165                                                        |
+------------------------------------------------------------------------------+
                   |-----------------------------------------------------------|
EXX iteration 1   : ===========================================================
EXX iteration 2   : ===========================================================

Eigenvalues converged to within 0.000596 eV
[08/12/26 00:03:44] Batch complete. Estimated time remaining: 0:05:55

+------------------------------------------------------------------------------+
| K-point batch 133/165                                                        |
+------------------------------------------------------------------------------+
                   |-----------------------------------------------------------|
EXX iteration 1   : ===========================================================
EXX iteration 2   : ===========================================================

Eigenvalues converged to within 0.000599 eV
[08/12/26 00:03:55] Batch complete. Estimated time remaining: 0:05:44

+------------------------------------------------------------------------------+
| K-point batch 134/165                                                        |
+------------------------------------------------------------------------------+
                   |-----------------------------------------------------------|
EXX iteration 1   : ===========================================================
EXX iteration 2   : ===========================================================

Eigenvalues converged to within 0.0006 eV
[08/12/26 00:04:06] Batch complete. Estimated time remaining: 0:05:34

+------------------------------------------------------------------------------+
| K-point batch 135/165                                                        |
+------------------------------------------------------------------------------+
                   |-----------------------------------------------------------|
EXX iteration 1   : ===========================================================
EXX iteration 2   : ===========================================================

Eigenvalues converged to within 0.000601 eV
[08/12/26 00:04:16] Batch complete. Estimated time remaining: 0:05:23

+------------------------------------------------------------------------------+
| K-point batch 136/165                                                        |
+------------------------------------------------------------------------------+
                   |-----------------------------------------------------------|
EXX iteration 1   : ===========================================================
EXX iteration 2   : ===========================================================

Eigenvalues converged to within 0.000599 eV
[08/12/26 00:04:27] Batch complete. Estimated time remaining: 0:05:12

+------------------------------------------------------------------------------+
| K-point batch 137/165                                                        |
+------------------------------------------------------------------------------+
                   |-----------------------------------------------------------|
EXX iteration 1   : ===========================================================
EXX iteration 2   : ===========================================================

Eigenvalues converged to within 0.000594 eV
[08/12/26 00:04:38] Batch complete. Estimated time remaining: 0:05:01

+------------------------------------------------------------------------------+
| K-point batch 138/165                                                        |
+------------------------------------------------------------------------------+
                   |-----------------------------------------------------------|
EXX iteration 1   : ===========================================================
EXX iteration 2   : ===========================================================

Eigenvalues converged to within 0.000585 eV
[08/12/26 00:04:49] Batch complete. Estimated time remaining: 0:04:51

+------------------------------------------------------------------------------+
| K-point batch 139/165                                                        |
+------------------------------------------------------------------------------+
                   |-----------------------------------------------------------|
EXX iteration 1   : ===========================================================
EXX iteration 2   : ===========================================================

Eigenvalues converged to within 0.000573 eV
[08/12/26 00:05:00] Batch complete. Estimated time remaining: 0:04:40

+------------------------------------------------------------------------------+
| K-point batch 140/165                                                        |
+------------------------------------------------------------------------------+
                   |-----------------------------------------------------------|
EXX iteration 1   : ===========================================================
EXX iteration 2   : ===========================================================

Eigenvalues converged to within 0.000556 eV
[08/12/26 00:05:11] Batch complete. Estimated time remaining: 0:04:29

+------------------------------------------------------------------------------+
| K-point batch 141/165                                                        |
+------------------------------------------------------------------------------+
                   |-----------------------------------------------------------|
EXX iteration 1   : ===========================================================
EXX iteration 2   : ===========================================================

Eigenvalues converged to within 0.000533 eV
[08/12/26 00:05:22] Batch complete. Estimated time remaining: 0:04:18

+------------------------------------------------------------------------------+
| K-point batch 142/165                                                        |
+------------------------------------------------------------------------------+
                   |-----------------------------------------------------------|
EXX iteration 1   : ===========================================================
EXX iteration 2   : ===========================================================

Eigenvalues converged to within 0.000506 eV
[08/12/26 00:05:32] Batch complete. Estimated time remaining: 0:04:08

+------------------------------------------------------------------------------+
| K-point batch 143/165                                                        |
+------------------------------------------------------------------------------+
                   |-----------------------------------------------------------|
EXX iteration 1   : ===========================================================
EXX iteration 2   : ===========================================================

Eigenvalues converged to within 0.000474 eV
[08/12/26 00:05:43] Batch complete. Estimated time remaining: 0:03:57

+------------------------------------------------------------------------------+
| K-point batch 144/165                                                        |
+------------------------------------------------------------------------------+
                   |-----------------------------------------------------------|
EXX iteration 1   : ===========================================================
EXX iteration 2   : ===========================================================

Eigenvalues converged to within 0.000437 eV
[08/12/26 00:05:54] Batch complete. Estimated time remaining: 0:03:46

+------------------------------------------------------------------------------+
| K-point batch 145/165                                                        |
+------------------------------------------------------------------------------+
                   |-----------------------------------------------------------|
EXX iteration 1   : ===========================================================
EXX iteration 2   : ===========================================================

Eigenvalues converged to within 0.000398 eV
[08/12/26 00:06:05] Batch complete. Estimated time remaining: 0:03:35

+------------------------------------------------------------------------------+
| K-point batch 146/165                                                        |
+------------------------------------------------------------------------------+
                   |-----------------------------------------------------------|
EXX iteration 1   : ===========================================================
EXX iteration 2   : ===========================================================

Eigenvalues converged to within 0.000357 eV
[08/12/26 00:06:16] Batch complete. Estimated time remaining: 0:03:24

+------------------------------------------------------------------------------+
| K-point batch 147/165                                                        |
+------------------------------------------------------------------------------+
                   |-----------------------------------------------------------|
EXX iteration 1   : ===========================================================
EXX iteration 2   : ===========================================================

Eigenvalues converged to within 0.000317 eV
[08/12/26 00:06:26] Batch complete. Estimated time remaining: 0:03:14

+------------------------------------------------------------------------------+
| K-point batch 148/165                                                        |
+------------------------------------------------------------------------------+
                   |-----------------------------------------------------------|
EXX iteration 1   : ===========================================================
EXX iteration 2   : ===========================================================

Eigenvalues converged to within 0.000307 eV
[08/12/26 00:06:37] Batch complete. Estimated time remaining: 0:03:03

+------------------------------------------------------------------------------+
| K-point batch 149/165                                                        |
+------------------------------------------------------------------------------+
                   |-----------------------------------------------------------|
EXX iteration 1   : ===========================================================
EXX iteration 2   : ===========================================================

Eigenvalues converged to within 0.000316 eV
[08/12/26 00:06:48] Batch complete. Estimated time remaining: 0:02:52

+------------------------------------------------------------------------------+
| K-point batch 150/165                                                        |
+------------------------------------------------------------------------------+
                   |-----------------------------------------------------------|
EXX iteration 1   : ===========================================================
EXX iteration 2   : ===========================================================

Eigenvalues converged to within 0.000326 eV
[08/12/26 00:06:59] Batch complete. Estimated time remaining: 0:02:41

+------------------------------------------------------------------------------+
| K-point batch 151/165                                                        |
+------------------------------------------------------------------------------+
                   |-----------------------------------------------------------|
EXX iteration 1   : ===========================================================
EXX iteration 2   : ===========================================================

Eigenvalues converged to within 0.000337 eV
[08/12/26 00:07:10] Batch complete. Estimated time remaining: 0:02:30

+------------------------------------------------------------------------------+
| K-point batch 152/165                                                        |
+------------------------------------------------------------------------------+
                   |-----------------------------------------------------------|
EXX iteration 1   : ===========================================================
EXX iteration 2   : ===========================================================

Eigenvalues converged to within 0.000348 eV
[08/12/26 00:07:21] Batch complete. Estimated time remaining: 0:02:20

+------------------------------------------------------------------------------+
| K-point batch 153/165                                                        |
+------------------------------------------------------------------------------+
                   |-----------------------------------------------------------|
EXX iteration 1   : ===========================================================
EXX iteration 2   : ===========================================================

Eigenvalues converged to within 0.000361 eV
[08/12/26 00:07:31] Batch complete. Estimated time remaining: 0:02:09

+------------------------------------------------------------------------------+
| K-point batch 154/165                                                        |
+------------------------------------------------------------------------------+
                   |-----------------------------------------------------------|
EXX iteration 1   : ===========================================================
EXX iteration 2   : ===========================================================

Eigenvalues converged to within 0.000373 eV
[08/12/26 00:07:42] Batch complete. Estimated time remaining: 0:01:58

+------------------------------------------------------------------------------+
| K-point batch 155/165                                                        |
+------------------------------------------------------------------------------+
                   |-----------------------------------------------------------|
EXX iteration 1   : ===========================================================
EXX iteration 2   : ===========================================================

Eigenvalues converged to within 0.000385 eV
[08/12/26 00:07:53] Batch complete. Estimated time remaining: 0:01:47

+------------------------------------------------------------------------------+
| K-point batch 156/165                                                        |
+------------------------------------------------------------------------------+
                   |-----------------------------------------------------------|
EXX iteration 1   : ===========================================================
EXX iteration 2   : ===========================================================

Eigenvalues converged to within 0.000398 eV
[08/12/26 00:08:04] Batch complete. Estimated time remaining: 0:01:37

+------------------------------------------------------------------------------+
| K-point batch 157/165                                                        |
+------------------------------------------------------------------------------+
                   |-----------------------------------------------------------|
EXX iteration 1   : ===========================================================
EXX iteration 2   : ===========================================================

Eigenvalues converged to within 0.00041 eV
[08/12/26 00:08:15] Batch complete. Estimated time remaining: 0:01:26

+------------------------------------------------------------------------------+
| K-point batch 158/165                                                        |
+------------------------------------------------------------------------------+
                   |-----------------------------------------------------------|
EXX iteration 1   : ===========================================================
EXX iteration 2   : ===========================================================

Eigenvalues converged to within 0.000421 eV
[08/12/26 00:08:26] Batch complete. Estimated time remaining: 0:01:15

+------------------------------------------------------------------------------+
| K-point batch 159/165                                                        |
+------------------------------------------------------------------------------+
                   |-----------------------------------------------------------|
EXX iteration 1   : ===========================================================
EXX iteration 2   : ===========================================================

Eigenvalues converged to within 0.000431 eV
[08/12/26 00:08:37] Batch complete. Estimated time remaining: 0:01:04

+------------------------------------------------------------------------------+
| K-point batch 160/165                                                        |
+------------------------------------------------------------------------------+
                   |-----------------------------------------------------------|
EXX iteration 1   : ===========================================================
EXX iteration 2   : ===========================================================

Eigenvalues converged to within 0.000441 eV
[08/12/26 00:08:48] Batch complete. Estimated time remaining: 0:00:53

+------------------------------------------------------------------------------+
| K-point batch 161/165                                                        |
+------------------------------------------------------------------------------+
                   |-----------------------------------------------------------|
EXX iteration 1   : ===========================================================
EXX iteration 2   : ===========================================================

Eigenvalues converged to within 0.000449 eV
[08/12/26 00:08:59] Batch complete. Estimated time remaining: 0:00:43

+------------------------------------------------------------------------------+
| K-point batch 162/165                                                        |
+------------------------------------------------------------------------------+
                   |-----------------------------------------------------------|
EXX iteration 1   : ===========================================================
EXX iteration 2   : ===========================================================

Eigenvalues converged to within 0.000455 eV
[08/12/26 00:09:10] Batch complete. Estimated time remaining: 0:00:32

+------------------------------------------------------------------------------+
| K-point batch 163/165                                                        |
+------------------------------------------------------------------------------+
                   |-----------------------------------------------------------|
EXX iteration 1   : ===========================================================
EXX iteration 2   : ===========================================================

Eigenvalues converged to within 0.000114 eV
[08/12/26 00:09:20] Batch complete. Estimated time remaining: 0:00:21

+------------------------------------------------------------------------------+
| K-point batch 164/165                                                        |
+------------------------------------------------------------------------------+
                   |-----------------------------------------------------------|
EXX iteration 1   : ===========================================================
EXX iteration 2   : ===========================================================

Eigenvalues converged to within 0.000113 eV
[08/12/26 00:09:31] Batch complete. Estimated time remaining: 0:00:10

+------------------------------------------------------------------------------+
| K-point batch 165/165                                                        |
+------------------------------------------------------------------------------+
                   |-----------------------------------------------------------|
EXX iteration 1   : ===========================================================
EXX iteration 2   : ===========================================================

Eigenvalues converged to within 0.000113 eV
[08/12/26 00:09:42] Batch complete. Completed all k-point batches in 0:29:40

+------------------------------------------------------------------------------+
|                                                                              |
| FatBandstructure Analysis                                                    |
|                                                                              |
+------------------------------------------------------------------------------+
+------------------------------------------------------------------------------+
|                                                                              |
| Eigenvalues And Projection Weights                                           |
|                                                                              |
+------------------------------------------------------------------------------+
+------------------------------------------------------------------------------+
| K-point batch 1/165                                                          |
+------------------------------------------------------------------------------+
                   |-----------------------------------------------------------|
EXX iteration 1   : ===========================================================
EXX iteration 2   : ===========================================================

Eigenvalues converged to within 0.000464 eV
[08/12/26 00:09:56] Batch complete. Estimated time remaining: 0:29:39

+------------------------------------------------------------------------------+
| K-point batch 2/165                                                          |
+------------------------------------------------------------------------------+
                   |-----------------------------------------------------------|
EXX iteration 1   : ===========================================================
EXX iteration 2   : ===========================================================

Eigenvalues converged to within 0.000113 eV
[08/12/26 00:10:07] Batch complete. Estimated time remaining: 0:30:02

+------------------------------------------------------------------------------+
| K-point batch 3/165                                                          |
+------------------------------------------------------------------------------+
                   |-----------------------------------------------------------|
EXX iteration 1   : ===========================================================
EXX iteration 2   : ===========================================================

Eigenvalues converged to within 0.000113 eV
[08/12/26 00:10:18] Batch complete. Estimated time remaining: 0:29:38

+------------------------------------------------------------------------------+
| K-point batch 4/165                                                          |
+------------------------------------------------------------------------------+
                   |-----------------------------------------------------------|
EXX iteration 1   : ===========================================================
EXX iteration 2   : ===========================================================

Eigenvalues converged to within 0.000113 eV
[08/12/26 00:10:29] Batch complete. Estimated time remaining: 0:29:23

+------------------------------------------------------------------------------+
| K-point batch 5/165                                                          |
+------------------------------------------------------------------------------+
                   |-----------------------------------------------------------|
EXX iteration 1   : ===========================================================
EXX iteration 2   : ===========================================================

Eigenvalues converged to within 0.000112 eV
[08/12/26 00:10:39] Batch complete. Estimated time remaining: 0:29:05

+------------------------------------------------------------------------------+
| K-point batch 6/165                                                          |
+------------------------------------------------------------------------------+
                   |-----------------------------------------------------------|
EXX iteration 1   : ===========================================================
EXX iteration 2   : ===========================================================

Eigenvalues converged to within 0.000434 eV
[08/12/26 00:10:50] Batch complete. Estimated time remaining: 0:28:53

+------------------------------------------------------------------------------+
| K-point batch 7/165                                                          |
+------------------------------------------------------------------------------+
                   |-----------------------------------------------------------|
EXX iteration 1   : ===========================================================
EXX iteration 2   : ===========================================================

Eigenvalues converged to within 0.000423 eV
[08/12/26 00:11:01] Batch complete. Estimated time remaining: 0:28:42

+------------------------------------------------------------------------------+
| K-point batch 8/165                                                          |
+------------------------------------------------------------------------------+
                   |-----------------------------------------------------------|
EXX iteration 1   : ===========================================================
EXX iteration 2   : ===========================================================

Eigenvalues converged to within 0.00041 eV
[08/12/26 00:11:12] Batch complete. Estimated time remaining: 0:28:28

+------------------------------------------------------------------------------+
| K-point batch 9/165                                                          |
+------------------------------------------------------------------------------+
                   |-----------------------------------------------------------|
EXX iteration 1   : ===========================================================
EXX iteration 2   : ===========================================================

Eigenvalues converged to within 0.000398 eV
[08/12/26 00:11:23] Batch complete. Estimated time remaining: 0:28:14

+------------------------------------------------------------------------------+
| K-point batch 10/165                                                         |
+------------------------------------------------------------------------------+
                   |-----------------------------------------------------------|
EXX iteration 1   : ===========================================================
EXX iteration 2   : ===========================================================

Eigenvalues converged to within 0.000384 eV
[08/12/26 00:11:33] Batch complete. Estimated time remaining: 0:28:02

+------------------------------------------------------------------------------+
| K-point batch 11/165                                                         |
+------------------------------------------------------------------------------+
                   |-----------------------------------------------------------|
EXX iteration 1   : ===========================================================
EXX iteration 2   : ===========================================================

Eigenvalues converged to within 0.000371 eV
[08/12/26 00:11:44] Batch complete. Estimated time remaining: 0:27:50

+------------------------------------------------------------------------------+
| K-point batch 12/165                                                         |
+------------------------------------------------------------------------------+
                   |-----------------------------------------------------------|
EXX iteration 1   : ===========================================================
EXX iteration 2   : ===========================================================

Eigenvalues converged to within 0.000357 eV
[08/12/26 00:11:55] Batch complete. Estimated time remaining: 0:27:37

+------------------------------------------------------------------------------+
| K-point batch 13/165                                                         |
+------------------------------------------------------------------------------+
                   |-----------------------------------------------------------|
EXX iteration 1   : ===========================================================
EXX iteration 2   : ===========================================================

Eigenvalues converged to within 0.000344 eV
[08/12/26 00:12:06] Batch complete. Estimated time remaining: 0:27:30

+------------------------------------------------------------------------------+
| K-point batch 14/165                                                         |
+------------------------------------------------------------------------------+
                   |-----------------------------------------------------------|
EXX iteration 1   : ===========================================================
EXX iteration 2   : ===========================================================

Eigenvalues converged to within 0.000331 eV
[08/12/26 00:12:17] Batch complete. Estimated time remaining: 0:27:18

+------------------------------------------------------------------------------+
| K-point batch 15/165                                                         |
+------------------------------------------------------------------------------+
                   |-----------------------------------------------------------|
EXX iteration 1   : ===========================================================
EXX iteration 2   : ===========================================================

Eigenvalues converged to within 0.000339 eV
[08/12/26 00:12:28] Batch complete. Estimated time remaining: 0:27:06

+------------------------------------------------------------------------------+
| K-point batch 16/165                                                         |
+------------------------------------------------------------------------------+
                   |-----------------------------------------------------------|
EXX iteration 1   : ===========================================================
EXX iteration 2   : ===========================================================

Eigenvalues converged to within 0.000341 eV
[08/12/26 00:12:38] Batch complete. Estimated time remaining: 0:26:57

+------------------------------------------------------------------------------+
| K-point batch 17/165                                                         |
+------------------------------------------------------------------------------+
                   |-----------------------------------------------------------|
EXX iteration 1   : ===========================================================
EXX iteration 2   : ===========================================================

Eigenvalues converged to within 0.000334 eV
[08/12/26 00:12:49] Batch complete. Estimated time remaining: 0:26:45

+------------------------------------------------------------------------------+
| K-point batch 18/165                                                         |
+------------------------------------------------------------------------------+
                   |-----------------------------------------------------------|
EXX iteration 1   : ===========================================================
EXX iteration 2   : ===========================================================

Eigenvalues converged to within 0.000322 eV
[08/12/26 00:13:00] Batch complete. Estimated time remaining: 0:26:35

+------------------------------------------------------------------------------+
| K-point batch 19/165                                                         |
+------------------------------------------------------------------------------+
                   |-----------------------------------------------------------|
EXX iteration 1   : ===========================================================
EXX iteration 2   : ===========================================================

Eigenvalues converged to within 0.000307 eV
[08/12/26 00:13:11] Batch complete. Estimated time remaining: 0:26:24

+------------------------------------------------------------------------------+
| K-point batch 20/165                                                         |
+------------------------------------------------------------------------------+
                   |-----------------------------------------------------------|
EXX iteration 1   : ===========================================================
EXX iteration 2   : ===========================================================

Eigenvalues converged to within 0.000291 eV
[08/12/26 00:13:22] Batch complete. Estimated time remaining: 0:26:12

+------------------------------------------------------------------------------+
| K-point batch 21/165                                                         |
+------------------------------------------------------------------------------+
                   |-----------------------------------------------------------|
EXX iteration 1   : ===========================================================
EXX iteration 2   : ===========================================================

Eigenvalues converged to within 0.000275 eV
[08/12/26 00:13:33] Batch complete. Estimated time remaining: 0:26:01

+------------------------------------------------------------------------------+
| K-point batch 22/165                                                         |
+------------------------------------------------------------------------------+
                   |-----------------------------------------------------------|
EXX iteration 1   : ===========================================================
EXX iteration 2   : ===========================================================

Eigenvalues converged to within 0.000259 eV
[08/12/26 00:13:43] Batch complete. Estimated time remaining: 0:25:49

+------------------------------------------------------------------------------+
| K-point batch 23/165                                                         |
+------------------------------------------------------------------------------+
                   |-----------------------------------------------------------|
EXX iteration 1   : ===========================================================
EXX iteration 2   : ===========================================================

Eigenvalues converged to within 0.000243 eV
[08/12/26 00:13:54] Batch complete. Estimated time remaining: 0:25:38

+------------------------------------------------------------------------------+
| K-point batch 24/165                                                         |
+------------------------------------------------------------------------------+
                   |-----------------------------------------------------------|
EXX iteration 1   : ===========================================================
EXX iteration 2   : ===========================================================

Eigenvalues converged to within 0.000237 eV
[08/12/26 00:14:05] Batch complete. Estimated time remaining: 0:25:29

+------------------------------------------------------------------------------+
| K-point batch 25/165                                                         |
+------------------------------------------------------------------------------+
                   |-----------------------------------------------------------|
EXX iteration 1   : ===========================================================
EXX iteration 2   : ===========================================================

Eigenvalues converged to within 0.000232 eV
[08/12/26 00:14:16] Batch complete. Estimated time remaining: 0:25:18

+------------------------------------------------------------------------------+
| K-point batch 26/165                                                         |
+------------------------------------------------------------------------------+
                   |-----------------------------------------------------------|
EXX iteration 1   : ===========================================================
EXX iteration 2   : ===========================================================

Eigenvalues converged to within 0.000227 eV
[08/12/26 00:14:27] Batch complete. Estimated time remaining: 0:25:07

+------------------------------------------------------------------------------+
| K-point batch 27/165                                                         |
+------------------------------------------------------------------------------+
                   |-----------------------------------------------------------|
EXX iteration 1   : ===========================================================
EXX iteration 2   : ===========================================================

Eigenvalues converged to within 0.000223 eV
[08/12/26 00:14:38] Batch complete. Estimated time remaining: 0:24:55

+------------------------------------------------------------------------------+
| K-point batch 28/165                                                         |
+------------------------------------------------------------------------------+
                   |-----------------------------------------------------------|
EXX iteration 1   : ===========================================================
EXX iteration 2   : ===========================================================

Eigenvalues converged to within 0.000227 eV
[08/12/26 00:14:48] Batch complete. Estimated time remaining: 0:24:45

+------------------------------------------------------------------------------+
| K-point batch 29/165                                                         |
+------------------------------------------------------------------------------+
                   |-----------------------------------------------------------|
EXX iteration 1   : ===========================================================
EXX iteration 2   : ===========================================================

Eigenvalues converged to within 0.000243 eV
[08/12/26 00:14:59] Batch complete. Estimated time remaining: 0:24:33

+------------------------------------------------------------------------------+
| K-point batch 30/165                                                         |
+------------------------------------------------------------------------------+
                   |-----------------------------------------------------------|
EXX iteration 1   : ===========================================================
EXX iteration 2   : ===========================================================

Eigenvalues converged to within 0.000456 eV
[08/12/26 00:15:10] Batch complete. Estimated time remaining: 0:24:24

+------------------------------------------------------------------------------+
| K-point batch 31/165                                                         |
+------------------------------------------------------------------------------+
                   |-----------------------------------------------------------|
EXX iteration 1   : ===========================================================
EXX iteration 2   : ===========================================================

Eigenvalues converged to within 0.000424 eV
[08/12/26 00:15:21] Batch complete. Estimated time remaining: 0:24:13

+------------------------------------------------------------------------------+
| K-point batch 32/165                                                         |
+------------------------------------------------------------------------------+
                   |-----------------------------------------------------------|
EXX iteration 1   : ===========================================================
EXX iteration 2   : ===========================================================

Eigenvalues converged to within 0.000396 eV
[08/12/26 00:15:32] Batch complete. Estimated time remaining: 0:24:02

+------------------------------------------------------------------------------+
| K-point batch 33/165                                                         |
+------------------------------------------------------------------------------+
                   |-----------------------------------------------------------|
EXX iteration 1   : ===========================================================
EXX iteration 2   : ===========================================================

Eigenvalues converged to within 0.000372 eV
[08/12/26 00:15:43] Batch complete. Estimated time remaining: 0:23:51

+------------------------------------------------------------------------------+
| K-point batch 34/165                                                         |
+------------------------------------------------------------------------------+
                   |-----------------------------------------------------------|
EXX iteration 1   : ===========================================================
EXX iteration 2   : ===========================================================

Eigenvalues converged to within 0.000358 eV
[08/12/26 00:15:54] Batch complete. Estimated time remaining: 0:23:40

+------------------------------------------------------------------------------+
| K-point batch 35/165                                                         |
+------------------------------------------------------------------------------+
                   |-----------------------------------------------------------|
EXX iteration 1   : ===========================================================
EXX iteration 2   : ===========================================================

Eigenvalues converged to within 0.000391 eV
[08/12/26 00:16:05] Batch complete. Estimated time remaining: 0:23:31

+------------------------------------------------------------------------------+
| K-point batch 36/165                                                         |
+------------------------------------------------------------------------------+
                   |-----------------------------------------------------------|
EXX iteration 1   : ===========================================================
EXX iteration 2   : ===========================================================

Eigenvalues converged to within 0.00043 eV
[08/12/26 00:16:16] Batch complete. Estimated time remaining: 0:23:20

+------------------------------------------------------------------------------+
| K-point batch 37/165                                                         |
+------------------------------------------------------------------------------+
                   |-----------------------------------------------------------|
EXX iteration 1   : ===========================================================
EXX iteration 2   : ===========================================================

Eigenvalues converged to within 0.000477 eV
[08/12/26 00:16:26] Batch complete. Estimated time remaining: 0:23:09

+------------------------------------------------------------------------------+
| K-point batch 38/165                                                         |
+------------------------------------------------------------------------------+
                   |-----------------------------------------------------------|
EXX iteration 1   : ===========================================================
EXX iteration 2   : ===========================================================

Eigenvalues converged to within 0.000536 eV
[08/12/26 00:16:37] Batch complete. Estimated time remaining: 0:22:58

+------------------------------------------------------------------------------+
| K-point batch 39/165                                                         |
+------------------------------------------------------------------------------+
                   |-----------------------------------------------------------|
EXX iteration 1   : ===========================================================
EXX iteration 2   : ===========================================================

Eigenvalues converged to within 0.000539 eV
[08/12/26 00:16:48] Batch complete. Estimated time remaining: 0:22:47

+------------------------------------------------------------------------------+
| K-point batch 40/165                                                         |
+------------------------------------------------------------------------------+
                   |-----------------------------------------------------------|
EXX iteration 1   : ===========================================================
EXX iteration 2   : ===========================================================

Eigenvalues converged to within 0.00063 eV
[08/12/26 00:16:59] Batch complete. Estimated time remaining: 0:22:36

+------------------------------------------------------------------------------+
| K-point batch 41/165                                                         |
+------------------------------------------------------------------------------+
                   |-----------------------------------------------------------|
EXX iteration 1   : ===========================================================
EXX iteration 2   : ===========================================================

Eigenvalues converged to within 0.000735 eV
[08/12/26 00:17:10] Batch complete. Estimated time remaining: 0:22:27

+------------------------------------------------------------------------------+
| K-point batch 42/165                                                         |
+------------------------------------------------------------------------------+
                   |-----------------------------------------------------------|
EXX iteration 1   : ===========================================================
EXX iteration 2   : ===========================================================

Eigenvalues converged to within 0.000816 eV
[08/12/26 00:17:21] Batch complete. Estimated time remaining: 0:22:16

+------------------------------------------------------------------------------+
| K-point batch 43/165                                                         |
+------------------------------------------------------------------------------+
                   |-----------------------------------------------------------|
EXX iteration 1   : ===========================================================
EXX iteration 2   : ===========================================================

Eigenvalues converged to within 0.000814 eV
[08/12/26 00:17:32] Batch complete. Estimated time remaining: 0:22:06

+------------------------------------------------------------------------------+
| K-point batch 44/165                                                         |
+------------------------------------------------------------------------------+
                   |-----------------------------------------------------------|
EXX iteration 1   : ===========================================================
EXX iteration 2   : ===========================================================

Eigenvalues converged to within 0.000812 eV
[08/12/26 00:17:43] Batch complete. Estimated time remaining: 0:21:55

+------------------------------------------------------------------------------+
| K-point batch 45/165                                                         |
+------------------------------------------------------------------------------+
                   |-----------------------------------------------------------|
EXX iteration 1   : ===========================================================
EXX iteration 2   : ===========================================================

Eigenvalues converged to within 0.000808 eV
[08/12/26 00:17:54] Batch complete. Estimated time remaining: 0:21:44

+------------------------------------------------------------------------------+
| K-point batch 46/165                                                         |
+------------------------------------------------------------------------------+
                   |-----------------------------------------------------------|
EXX iteration 1   : ===========================================================
EXX iteration 2   : ===========================================================

Eigenvalues converged to within 0.000801 eV
[08/12/26 00:18:05] Batch complete. Estimated time remaining: 0:21:34

+------------------------------------------------------------------------------+
| K-point batch 47/165                                                         |
+------------------------------------------------------------------------------+
                   |-----------------------------------------------------------|
EXX iteration 1   : ===========================================================
EXX iteration 2   : ===========================================================

Eigenvalues converged to within 0.000787 eV
[08/12/26 00:18:16] Batch complete. Estimated time remaining: 0:21:24

+------------------------------------------------------------------------------+
| K-point batch 48/165                                                         |
+------------------------------------------------------------------------------+
                   |-----------------------------------------------------------|
EXX iteration 1   : ===========================================================
EXX iteration 2   : ===========================================================

Eigenvalues converged to within 0.000766 eV
[08/12/26 00:18:27] Batch complete. Estimated time remaining: 0:21:13

+------------------------------------------------------------------------------+
| K-point batch 49/165                                                         |
+------------------------------------------------------------------------------+
                   |-----------------------------------------------------------|
EXX iteration 1   : ===========================================================
EXX iteration 2   : ===========================================================

Eigenvalues converged to within 0.000739 eV
[08/12/26 00:18:38] Batch complete. Estimated time remaining: 0:21:02

+------------------------------------------------------------------------------+
| K-point batch 50/165                                                         |
+------------------------------------------------------------------------------+
                   |-----------------------------------------------------------|
EXX iteration 1   : ===========================================================
EXX iteration 2   : ===========================================================

Eigenvalues converged to within 0.000708 eV
[08/12/26 00:18:49] Batch complete. Estimated time remaining: 0:20:52

+------------------------------------------------------------------------------+
| K-point batch 51/165                                                         |
+------------------------------------------------------------------------------+
                   |-----------------------------------------------------------|
EXX iteration 1   : ===========================================================
EXX iteration 2   : ===========================================================

Eigenvalues converged to within 0.000676 eV
[08/12/26 00:19:00] Batch complete. Estimated time remaining: 0:20:42

+------------------------------------------------------------------------------+
| K-point batch 52/165                                                         |
+------------------------------------------------------------------------------+
                   |-----------------------------------------------------------|
EXX iteration 1   : ===========================================================
EXX iteration 2   : ===========================================================

Eigenvalues converged to within 0.000644 eV
[08/12/26 00:19:11] Batch complete. Estimated time remaining: 0:20:31

+------------------------------------------------------------------------------+
| K-point batch 53/165                                                         |
+------------------------------------------------------------------------------+
                   |-----------------------------------------------------------|
EXX iteration 1   : ===========================================================
EXX iteration 2   : ===========================================================

Eigenvalues converged to within 0.000615 eV
[08/12/26 00:19:22] Batch complete. Estimated time remaining: 0:20:20

+------------------------------------------------------------------------------+
| K-point batch 54/165                                                         |
+------------------------------------------------------------------------------+
                   |-----------------------------------------------------------|
EXX iteration 1   : ===========================================================
EXX iteration 2   : ===========================================================

Eigenvalues converged to within 0.000588 eV
[08/12/26 00:19:33] Batch complete. Estimated time remaining: 0:20:09

+------------------------------------------------------------------------------+
| K-point batch 55/165                                                         |
+------------------------------------------------------------------------------+
                   |-----------------------------------------------------------|
EXX iteration 1   : ===========================================================
EXX iteration 2   : ===========================================================

Eigenvalues converged to within 0.000564 eV
[08/12/26 00:19:44] Batch complete. Estimated time remaining: 0:19:59

+------------------------------------------------------------------------------+
| K-point batch 56/165                                                         |
+------------------------------------------------------------------------------+
                   |-----------------------------------------------------------|
EXX iteration 1   : ===========================================================
EXX iteration 2   : ===========================================================

Eigenvalues converged to within 0.000542 eV
[08/12/26 00:19:55] Batch complete. Estimated time remaining: 0:19:48

+------------------------------------------------------------------------------+
| K-point batch 57/165                                                         |
+------------------------------------------------------------------------------+
                   |-----------------------------------------------------------|
EXX iteration 1   : ===========================================================
EXX iteration 2   : ===========================================================

Eigenvalues converged to within 0.000523 eV
[08/12/26 00:20:07] Batch complete. Estimated time remaining: 0:19:38

+------------------------------------------------------------------------------+
| K-point batch 58/165                                                         |
+------------------------------------------------------------------------------+
                   |-----------------------------------------------------------|
EXX iteration 1   : ===========================================================
EXX iteration 2   : ===========================================================

Eigenvalues converged to within 0.000505 eV
[08/12/26 00:20:18] Batch complete. Estimated time remaining: 0:19:27

+------------------------------------------------------------------------------+
| K-point batch 59/165                                                         |
+------------------------------------------------------------------------------+
                   |-----------------------------------------------------------|
EXX iteration 1   : ===========================================================
EXX iteration 2   : ===========================================================

Eigenvalues converged to within 0.00049 eV
[08/12/26 00:20:29] Batch complete. Estimated time remaining: 0:19:16

+------------------------------------------------------------------------------+
| K-point batch 60/165                                                         |
+------------------------------------------------------------------------------+
                   |-----------------------------------------------------------|
EXX iteration 1   : ===========================================================
EXX iteration 2   : ===========================================================

Eigenvalues converged to within 0.000476 eV
[08/12/26 00:20:40] Batch complete. Estimated time remaining: 0:19:05

+------------------------------------------------------------------------------+
| K-point batch 61/165                                                         |
+------------------------------------------------------------------------------+
                   |-----------------------------------------------------------|
EXX iteration 1   : ===========================================================
EXX iteration 2   : ===========================================================

Eigenvalues converged to within 0.000463 eV
[08/12/26 00:20:50] Batch complete. Estimated time remaining: 0:18:54

+------------------------------------------------------------------------------+
| K-point batch 62/165                                                         |
+------------------------------------------------------------------------------+
                   |-----------------------------------------------------------|
EXX iteration 1   : ===========================================================
EXX iteration 2   : ===========================================================

Eigenvalues converged to within 0.000452 eV
[08/12/26 00:21:02] Batch complete. Estimated time remaining: 0:18:44

+------------------------------------------------------------------------------+
| K-point batch 63/165                                                         |
+------------------------------------------------------------------------------+
                   |-----------------------------------------------------------|
EXX iteration 1   : ===========================================================
EXX iteration 2   : ===========================================================

Eigenvalues converged to within 0.000442 eV
[08/12/26 00:21:13] Batch complete. Estimated time remaining: 0:18:33

+------------------------------------------------------------------------------+
| K-point batch 64/165                                                         |
+------------------------------------------------------------------------------+
                   |-----------------------------------------------------------|
EXX iteration 1   : ===========================================================
EXX iteration 2   : ===========================================================

Eigenvalues converged to within 0.000433 eV
[08/12/26 00:21:24] Batch complete. Estimated time remaining: 0:18:22

+------------------------------------------------------------------------------+
| K-point batch 65/165                                                         |
+------------------------------------------------------------------------------+
                   |-----------------------------------------------------------|
EXX iteration 1   : ===========================================================
EXX iteration 2   : ===========================================================

Eigenvalues converged to within 0.000425 eV
[08/12/26 00:21:34] Batch complete. Estimated time remaining: 0:18:11

+------------------------------------------------------------------------------+
| K-point batch 66/165                                                         |
+------------------------------------------------------------------------------+
                   |-----------------------------------------------------------|
EXX iteration 1   : ===========================================================
EXX iteration 2   : ===========================================================

Eigenvalues converged to within 0.000417 eV
[08/12/26 00:21:45] Batch complete. Estimated time remaining: 0:18:00

+------------------------------------------------------------------------------+
| K-point batch 67/165                                                         |
+------------------------------------------------------------------------------+
                   |-----------------------------------------------------------|
EXX iteration 1   : ===========================================================
EXX iteration 2   : ===========================================================

Eigenvalues converged to within 0.000411 eV
[08/12/26 00:21:56] Batch complete. Estimated time remaining: 0:17:49

+------------------------------------------------------------------------------+
| K-point batch 68/165                                                         |
+------------------------------------------------------------------------------+
                   |-----------------------------------------------------------|
EXX iteration 1   : ===========================================================
EXX iteration 2   : ===========================================================

Eigenvalues converged to within 0.000406 eV
[08/12/26 00:22:07] Batch complete. Estimated time remaining: 0:17:39

+------------------------------------------------------------------------------+
| K-point batch 69/165                                                         |
+------------------------------------------------------------------------------+
                   |-----------------------------------------------------------|
EXX iteration 1   : ===========================================================
EXX iteration 2   : ===========================================================

Eigenvalues converged to within 0.000401 eV
[08/12/26 00:22:18] Batch complete. Estimated time remaining: 0:17:28

+------------------------------------------------------------------------------+
| K-point batch 70/165                                                         |
+------------------------------------------------------------------------------+
                   |-----------------------------------------------------------|
EXX iteration 1   : ===========================================================
EXX iteration 2   : ===========================================================

Eigenvalues converged to within 0.000396 eV
[08/12/26 00:22:29] Batch complete. Estimated time remaining: 0:17:17

+------------------------------------------------------------------------------+
| K-point batch 71/165                                                         |
+------------------------------------------------------------------------------+
                   |-----------------------------------------------------------|
EXX iteration 1   : ===========================================================
EXX iteration 2   : ===========================================================

Eigenvalues converged to within 0.000392 eV
[08/12/26 00:22:40] Batch complete. Estimated time remaining: 0:17:06

+------------------------------------------------------------------------------+
| K-point batch 72/165                                                         |
+------------------------------------------------------------------------------+
                   |-----------------------------------------------------------|
EXX iteration 1   : ===========================================================
EXX iteration 2   : ===========================================================

Eigenvalues converged to within 0.000389 eV
[08/12/26 00:22:51] Batch complete. Estimated time remaining: 0:16:55

+------------------------------------------------------------------------------+
| K-point batch 73/165                                                         |
+------------------------------------------------------------------------------+
                   |-----------------------------------------------------------|
EXX iteration 1   : ===========================================================
EXX iteration 2   : ===========================================================

Eigenvalues converged to within 0.000387 eV
[08/12/26 00:23:02] Batch complete. Estimated time remaining: 0:16:45

+------------------------------------------------------------------------------+
| K-point batch 74/165                                                         |
+------------------------------------------------------------------------------+
                   |-----------------------------------------------------------|
EXX iteration 1   : ===========================================================
EXX iteration 2   : ===========================================================

Eigenvalues converged to within 0.000385 eV
[08/12/26 00:23:13] Batch complete. Estimated time remaining: 0:16:34

+------------------------------------------------------------------------------+
| K-point batch 75/165                                                         |
+------------------------------------------------------------------------------+
                   |-----------------------------------------------------------|
EXX iteration 1   : ===========================================================
EXX iteration 2   : ===========================================================

Eigenvalues converged to within 0.000383 eV
[08/12/26 00:23:24] Batch complete. Estimated time remaining: 0:16:22

+------------------------------------------------------------------------------+
| K-point batch 76/165                                                         |
+------------------------------------------------------------------------------+
                   |-----------------------------------------------------------|
EXX iteration 1   : ===========================================================
EXX iteration 2   : ===========================================================

Eigenvalues converged to within 0.000381 eV
[08/12/26 00:23:35] Batch complete. Estimated time remaining: 0:16:12

+------------------------------------------------------------------------------+
| K-point batch 77/165                                                         |
+------------------------------------------------------------------------------+
                   |-----------------------------------------------------------|
EXX iteration 1   : ===========================================================
EXX iteration 2   : ===========================================================

Eigenvalues converged to within 0.00038 eV
[08/12/26 00:23:46] Batch complete. Estimated time remaining: 0:16:01

+------------------------------------------------------------------------------+
| K-point batch 78/165                                                         |
+------------------------------------------------------------------------------+
                   |-----------------------------------------------------------|
EXX iteration 1   : ===========================================================
EXX iteration 2   : ===========================================================

Eigenvalues converged to within 0.00038 eV
[08/12/26 00:23:57] Batch complete. Estimated time remaining: 0:15:50

+------------------------------------------------------------------------------+
| K-point batch 79/165                                                         |
+------------------------------------------------------------------------------+
                   |-----------------------------------------------------------|
EXX iteration 1   : ===========================================================
EXX iteration 2   : ===========================================================

Eigenvalues converged to within 0.000379 eV
[08/12/26 00:24:08] Batch complete. Estimated time remaining: 0:15:40

+------------------------------------------------------------------------------+
| K-point batch 80/165                                                         |
+------------------------------------------------------------------------------+
                   |-----------------------------------------------------------|
EXX iteration 1   : ===========================================================
EXX iteration 2   : ===========================================================

Eigenvalues converged to within 0.000379 eV
[08/12/26 00:24:19] Batch complete. Estimated time remaining: 0:15:29

+------------------------------------------------------------------------------+
| K-point batch 81/165                                                         |
+------------------------------------------------------------------------------+
                   |-----------------------------------------------------------|
EXX iteration 1   : ===========================================================
EXX iteration 2   : ===========================================================

Eigenvalues converged to within 0.000378 eV
[08/12/26 00:24:31] Batch complete. Estimated time remaining: 0:15:19

+------------------------------------------------------------------------------+
| K-point batch 82/165                                                         |
+------------------------------------------------------------------------------+
                   |-----------------------------------------------------------|
EXX iteration 1   : ===========================================================
EXX iteration 2   : ===========================================================

Eigenvalues converged to within 0.000379 eV
[08/12/26 00:24:43] Batch complete. Estimated time remaining: 0:15:09

+------------------------------------------------------------------------------+
| K-point batch 83/165                                                         |
+------------------------------------------------------------------------------+
                   |-----------------------------------------------------------|
EXX iteration 1   : ===========================================================
EXX iteration 2   : ===========================================================

Eigenvalues converged to within 0.000379 eV
[08/12/26 00:24:54] Batch complete. Estimated time remaining: 0:14:58

+------------------------------------------------------------------------------+
| K-point batch 84/165                                                         |
+------------------------------------------------------------------------------+
                   |-----------------------------------------------------------|
EXX iteration 1   : ===========================================================
EXX iteration 2   : ===========================================================

Eigenvalues converged to within 0.000441 eV
[08/12/26 00:25:05] Batch complete. Estimated time remaining: 0:14:47

+------------------------------------------------------------------------------+
| K-point batch 85/165                                                         |
+------------------------------------------------------------------------------+
                   |-----------------------------------------------------------|
EXX iteration 1   : ===========================================================
EXX iteration 2   : ===========================================================

Eigenvalues converged to within 0.000429 eV
[08/12/26 00:25:16] Batch complete. Estimated time remaining: 0:14:36

+------------------------------------------------------------------------------+
| K-point batch 86/165                                                         |
+------------------------------------------------------------------------------+
                   |-----------------------------------------------------------|
EXX iteration 1   : ===========================================================
EXX iteration 2   : ===========================================================

Eigenvalues converged to within 0.000418 eV
[08/12/26 00:25:27] Batch complete. Estimated time remaining: 0:14:25

+------------------------------------------------------------------------------+
| K-point batch 87/165                                                         |
+------------------------------------------------------------------------------+
                   |-----------------------------------------------------------|
EXX iteration 1   : ===========================================================
EXX iteration 2   : ===========================================================

Eigenvalues converged to within 0.000408 eV
[08/12/26 00:25:38] Batch complete. Estimated time remaining: 0:14:14

+------------------------------------------------------------------------------+
| K-point batch 88/165                                                         |
+------------------------------------------------------------------------------+
                   |-----------------------------------------------------------|
EXX iteration 1   : ===========================================================
EXX iteration 2   : ===========================================================

Eigenvalues converged to within 0.000407 eV
[08/12/26 00:25:49] Batch complete. Estimated time remaining: 0:14:03

+------------------------------------------------------------------------------+
| K-point batch 89/165                                                         |
+------------------------------------------------------------------------------+
                   |-----------------------------------------------------------|
EXX iteration 1   : ===========================================================
EXX iteration 2   : ===========================================================

Eigenvalues converged to within 0.000411 eV
[08/12/26 00:25:59] Batch complete. Estimated time remaining: 0:13:52

+------------------------------------------------------------------------------+
| K-point batch 90/165                                                         |
+------------------------------------------------------------------------------+
                   |-----------------------------------------------------------|
EXX iteration 1   : ===========================================================
EXX iteration 2   : ===========================================================

Eigenvalues converged to within 0.000417 eV
[08/12/26 00:26:10] Batch complete. Estimated time remaining: 0:13:41

+------------------------------------------------------------------------------+
| K-point batch 91/165                                                         |
+------------------------------------------------------------------------------+
                   |-----------------------------------------------------------|
EXX iteration 1   : ===========================================================
EXX iteration 2   : ===========================================================

Eigenvalues converged to within 0.000423 eV
[08/12/26 00:26:21] Batch complete. Estimated time remaining: 0:13:30

+------------------------------------------------------------------------------+
| K-point batch 92/165                                                         |
+------------------------------------------------------------------------------+
                   |-----------------------------------------------------------|
EXX iteration 1   : ===========================================================
EXX iteration 2   : ===========================================================

Eigenvalues converged to within 0.00043 eV
[08/12/26 00:26:32] Batch complete. Estimated time remaining: 0:13:19

+------------------------------------------------------------------------------+
| K-point batch 93/165                                                         |
+------------------------------------------------------------------------------+
                   |-----------------------------------------------------------|
EXX iteration 1   : ===========================================================
EXX iteration 2   : ===========================================================

Eigenvalues converged to within 0.000438 eV
[08/12/26 00:26:43] Batch complete. Estimated time remaining: 0:13:08

+------------------------------------------------------------------------------+
| K-point batch 94/165                                                         |
+------------------------------------------------------------------------------+
                   |-----------------------------------------------------------|
EXX iteration 1   : ===========================================================
EXX iteration 2   : ===========================================================

Eigenvalues converged to within 0.000445 eV
[08/12/26 00:26:54] Batch complete. Estimated time remaining: 0:12:57

+------------------------------------------------------------------------------+
| K-point batch 95/165                                                         |
+------------------------------------------------------------------------------+
                   |-----------------------------------------------------------|
EXX iteration 1   : ===========================================================
EXX iteration 2   : ===========================================================

Eigenvalues converged to within 0.000453 eV
[08/12/26 00:27:05] Batch complete. Estimated time remaining: 0:12:46

+------------------------------------------------------------------------------+
| K-point batch 96/165                                                         |
+------------------------------------------------------------------------------+
                   |-----------------------------------------------------------|
EXX iteration 1   : ===========================================================
EXX iteration 2   : ===========================================================

Eigenvalues converged to within 0.000461 eV
[08/12/26 00:27:16] Batch complete. Estimated time remaining: 0:12:35

+------------------------------------------------------------------------------+
| K-point batch 97/165                                                         |
+------------------------------------------------------------------------------+
                   |-----------------------------------------------------------|
EXX iteration 1   : ===========================================================
EXX iteration 2   : ===========================================================

Eigenvalues converged to within 0.000469 eV
[08/12/26 00:27:27] Batch complete. Estimated time remaining: 0:12:24

+------------------------------------------------------------------------------+
| K-point batch 98/165                                                         |
+------------------------------------------------------------------------------+
                   |-----------------------------------------------------------|
EXX iteration 1   : ===========================================================
EXX iteration 2   : ===========================================================

Eigenvalues converged to within 0.000476 eV
[08/12/26 00:27:38] Batch complete. Estimated time remaining: 0:12:13

+------------------------------------------------------------------------------+
| K-point batch 99/165                                                         |
+------------------------------------------------------------------------------+
                   |-----------------------------------------------------------|
EXX iteration 1   : ===========================================================
EXX iteration 2   : ===========================================================

Eigenvalues converged to within 0.000482 eV
[08/12/26 00:27:49] Batch complete. Estimated time remaining: 0:12:02

+------------------------------------------------------------------------------+
| K-point batch 100/165                                                        |
+------------------------------------------------------------------------------+
                   |-----------------------------------------------------------|
EXX iteration 1   : ===========================================================
EXX iteration 2   : ===========================================================

Eigenvalues converged to within 0.000487 eV
[08/12/26 00:27:59] Batch complete. Estimated time remaining: 0:11:51

+------------------------------------------------------------------------------+
| K-point batch 101/165                                                        |
+------------------------------------------------------------------------------+
                   |-----------------------------------------------------------|
EXX iteration 1   : ===========================================================
EXX iteration 2   : ===========================================================

Eigenvalues converged to within 0.000491 eV
[08/12/26 00:28:11] Batch complete. Estimated time remaining: 0:11:40

+------------------------------------------------------------------------------+
| K-point batch 102/165                                                        |
+------------------------------------------------------------------------------+
                   |-----------------------------------------------------------|
EXX iteration 1   : ===========================================================
EXX iteration 2   : ===========================================================

Eigenvalues converged to within 0.000492 eV
[08/12/26 00:28:21] Batch complete. Estimated time remaining: 0:11:29

+------------------------------------------------------------------------------+
| K-point batch 103/165                                                        |
+------------------------------------------------------------------------------+
                   |-----------------------------------------------------------|
EXX iteration 1   : ===========================================================
EXX iteration 2   : ===========================================================

Eigenvalues converged to within 0.00049 eV
[08/12/26 00:28:32] Batch complete. Estimated time remaining: 0:11:18

+------------------------------------------------------------------------------+
| K-point batch 104/165                                                        |
+------------------------------------------------------------------------------+
                   |-----------------------------------------------------------|
EXX iteration 1   : ===========================================================
EXX iteration 2   : ===========================================================

Eigenvalues converged to within 0.000484 eV
[08/12/26 00:28:43] Batch complete. Estimated time remaining: 0:11:07

+------------------------------------------------------------------------------+
| K-point batch 105/165                                                        |
+------------------------------------------------------------------------------+
                   |-----------------------------------------------------------|
EXX iteration 1   : ===========================================================
EXX iteration 2   : ===========================================================

Eigenvalues converged to within 0.000473 eV
[08/12/26 00:28:54] Batch complete. Estimated time remaining: 0:10:56

+------------------------------------------------------------------------------+
| K-point batch 106/165                                                        |
+------------------------------------------------------------------------------+
                   |-----------------------------------------------------------|
EXX iteration 1   : ===========================================================
EXX iteration 2   : ===========================================================

Eigenvalues converged to within 0.000455 eV
[08/12/26 00:29:05] Batch complete. Estimated time remaining: 0:10:45

+------------------------------------------------------------------------------+
| K-point batch 107/165                                                        |
+------------------------------------------------------------------------------+
                   |-----------------------------------------------------------|
EXX iteration 1   : ===========================================================
EXX iteration 2   : ===========================================================

Eigenvalues converged to within 0.000429 eV
[08/12/26 00:29:16] Batch complete. Estimated time remaining: 0:10:34

+------------------------------------------------------------------------------+
| K-point batch 108/165                                                        |
+------------------------------------------------------------------------------+
                   |-----------------------------------------------------------|
EXX iteration 1   : ===========================================================
EXX iteration 2   : ===========================================================

Eigenvalues converged to within 0.000436 eV
[08/12/26 00:29:27] Batch complete. Estimated time remaining: 0:10:23

+------------------------------------------------------------------------------+
| K-point batch 109/165                                                        |
+------------------------------------------------------------------------------+
                   |-----------------------------------------------------------|
EXX iteration 1   : =============[08/12/26 00:29:28]: Connection to server reacquired.
==============================================
EXX iteration 2   : ===========================================================

Eigenvalues converged to within 0.000461 eV
[08/12/26 00:29:38] Batch complete. Estimated time remaining: 0:10:12

+------------------------------------------------------------------------------+
| K-point batch 110/165                                                        |
+------------------------------------------------------------------------------+
                   |-----------------------------------------------------------|
EXX iteration 1   : ===========================================================
EXX iteration 2   : ===========================================================

Eigenvalues converged to within 0.000488 eV
[08/12/26 00:29:48] Batch complete. Estimated time remaining: 0:10:01

+------------------------------------------------------------------------------+
| K-point batch 111/165                                                        |
+------------------------------------------------------------------------------+
                   |-----------------------------------------------------------|
EXX iteration 1   : ===========================================================
EXX iteration 2   : ===========================================================

Eigenvalues converged to within 0.000516 eV
[08/12/26 00:29:59] Batch complete. Estimated time remaining: 0:09:50

+------------------------------------------------------------------------------+
| K-point batch 112/165                                                        |
+------------------------------------------------------------------------------+
                   |-----------------------------------------------------------|
EXX iteration 1   : ===========================================================
EXX iteration 2   : ===========================================================

Eigenvalues converged to within 0.00054 eV
[08/12/26 00:30:11] Batch complete. Estimated time remaining: 0:09:40

+------------------------------------------------------------------------------+
| K-point batch 113/165                                                        |
+------------------------------------------------------------------------------+
                   |-----------------------------------------------------------|
EXX iteration 1   : ===========================================================
EXX iteration 2   : ===========================================================

Eigenvalues converged to within 0.000558 eV
[08/12/26 00:30:21] Batch complete. Estimated time remaining: 0:09:28

+------------------------------------------------------------------------------+
| K-point batch 114/165                                                        |
+------------------------------------------------------------------------------+
                   |-----------------------------------------------------------|
EXX iteration 1   : ===========================================================
EXX iteration 2   : ===========================================================

Eigenvalues converged to within 0.000571 eV
[08/12/26 00:30:32] Batch complete. Estimated time remaining: 0:09:18

+------------------------------------------------------------------------------+
| K-point batch 115/165                                                        |
+------------------------------------------------------------------------------+
                   |-----------------------------------------------------------|
EXX iteration 1   : ===========================================================
EXX iteration 2   : ===========================================================

Eigenvalues converged to within 0.000578 eV
[08/12/26 00:30:43] Batch complete. Estimated time remaining: 0:09:07

+------------------------------------------------------------------------------+
| K-point batch 116/165                                                        |
+------------------------------------------------------------------------------+
                   |-----------------------------------------------------------|
EXX iteration 1   : ===========================================================
EXX iteration 2   : ===========================================================

Eigenvalues converged to within 0.000582 eV
[08/12/26 00:30:54] Batch complete. Estimated time remaining: 0:08:56

+------------------------------------------------------------------------------+
| K-point batch 117/165                                                        |
+------------------------------------------------------------------------------+
                   |-----------------------------------------------------------|
EXX iteration 1   : ===========================================================
EXX iteration 2   : ===========================================================

Eigenvalues converged to within 0.000583 eV
[08/12/26 00:31:05] Batch complete. Estimated time remaining: 0:08:45

+------------------------------------------------------------------------------+
| K-point batch 118/165                                                        |
+------------------------------------------------------------------------------+
                   |-----------------------------------------------------------|
EXX iteration 1   : ===========================================================
EXX iteration 2   : ===========================================================

Eigenvalues converged to within 0.000582 eV
[08/12/26 00:31:16] Batch complete. Estimated time remaining: 0:08:34

+------------------------------------------------------------------------------+
| K-point batch 119/165                                                        |
+------------------------------------------------------------------------------+
                   |-----------------------------------------------------------|
EXX iteration 1   : ===========================================================
EXX iteration 2   : ===========================================================

Eigenvalues converged to within 0.00058 eV
[08/12/26 00:31:26] Batch complete. Estimated time remaining: 0:08:23

+------------------------------------------------------------------------------+
| K-point batch 120/165                                                        |
+------------------------------------------------------------------------------+
                   |-----------------------------------------------------------|
EXX iteration 1   : ===========================================================
EXX iteration 2   : ===========================================================

Eigenvalues converged to within 0.000578 eV
[08/12/26 00:31:37] Batch complete. Estimated time remaining: 0:08:12

+------------------------------------------------------------------------------+
| K-point batch 121/165                                                        |
+------------------------------------------------------------------------------+
                   |-----------------------------------------------------------|
EXX iteration 1   : ===========================================================
EXX iteration 2   : ===========================================================

Eigenvalues converged to within 0.000576 eV
[08/12/26 00:31:48] Batch complete. Estimated time remaining: 0:08:01

+------------------------------------------------------------------------------+
| K-point batch 122/165                                                        |
+------------------------------------------------------------------------------+
                   |-----------------------------------------------------------|
EXX iteration 1   : ===========================================================
EXX iteration 2   : ===========================================================

Eigenvalues converged to within 0.000575 eV
[08/12/26 00:31:59] Batch complete. Estimated time remaining: 0:07:50

+------------------------------------------------------------------------------+
| K-point batch 123/165                                                        |
+------------------------------------------------------------------------------+
                   |-----------------------------------------------------------|
EXX iteration 1   : ===========================================================
EXX iteration 2   : ===========================================================

Eigenvalues converged to within 0.000574 eV
[08/12/26 00:32:10] Batch complete. Estimated time remaining: 0:07:39

+------------------------------------------------------------------------------+
| K-point batch 124/165                                                        |
+------------------------------------------------------------------------------+
                   |-----------------------------------------------------------|
EXX iteration 1   : ===========================================================
EXX iteration 2   : ===========================================================

Eigenvalues converged to within 0.000574 eV
[08/12/26 00:32:21] Batch complete. Estimated time remaining: 0:07:28

+------------------------------------------------------------------------------+
| K-point batch 125/165                                                        |
+------------------------------------------------------------------------------+
                   |-----------------------------------------------------------|
EXX iteration 1   : ===========================================================
EXX iteration 2   : ===========================================================

Eigenvalues converged to within 0.000574 eV
[08/12/26 00:32:32] Batch complete. Estimated time remaining: 0:07:17

+------------------------------------------------------------------------------+
| K-point batch 126/165                                                        |
+------------------------------------------------------------------------------+
                   |-----------------------------------------------------------|
EXX iteration 1   : ===========================================================
EXX iteration 2   : ===========================================================

Eigenvalues converged to within 0.000576 eV
[08/12/26 00:32:42] Batch complete. Estimated time remaining: 0:07:06

+------------------------------------------------------------------------------+
| K-point batch 127/165                                                        |
+------------------------------------------------------------------------------+
                   |-----------------------------------------------------------|
EXX iteration 1   : ===========================================================
EXX iteration 2   : ===========================================================

Eigenvalues converged to within 0.000578 eV
[08/12/26 00:32:53] Batch complete. Estimated time remaining: 0:06:55

+------------------------------------------------------------------------------+
| K-point batch 128/165                                                        |
+------------------------------------------------------------------------------+
                   |-----------------------------------------------------------|
EXX iteration 1   : ===========================================================
EXX iteration 2   : ===========================================================

Eigenvalues converged to within 0.000581 eV
[08/12/26 00:33:04] Batch complete. Estimated time remaining: 0:06:44

+------------------------------------------------------------------------------+
| K-point batch 129/165                                                        |
+------------------------------------------------------------------------------+
                   |-----------------------------------------------------------|
EXX iteration 1   : ===========================================================
EXX iteration 2   : ===========================================================

Eigenvalues converged to within 0.000584 eV
[08/12/26 00:33:15] Batch complete. Estimated time remaining: 0:06:33

+------------------------------------------------------------------------------+
| K-point batch 130/165                                                        |
+------------------------------------------------------------------------------+
                   |-----------------------------------------------------------|
EXX iteration 1   : ===========================================================
EXX iteration 2   : ===========================================================

Eigenvalues converged to within 0.000588 eV
[08/12/26 00:33:26] Batch complete. Estimated time remaining: 0:06:22

+------------------------------------------------------------------------------+
| K-point batch 131/165                                                        |
+------------------------------------------------------------------------------+
                   |-----------------------------------------------------------|
EXX iteration 1   : ===========================================================
EXX iteration 2   : ===========================================================

Eigenvalues converged to within 0.000592 eV
[08/12/26 00:33:37] Batch complete. Estimated time remaining: 0:06:11

+------------------------------------------------------------------------------+
| K-point batch 132/165                                                        |
+------------------------------------------------------------------------------+
                   |-----------------------------------------------------------|
EXX iteration 1   : ===========================================================
EXX iteration 2   : ===========================================================

Eigenvalues converged to within 0.000596 eV
[08/12/26 00:33:47] Batch complete. Estimated time remaining: 0:06:00

+------------------------------------------------------------------------------+
| K-point batch 133/165                                                        |
+------------------------------------------------------------------------------+
                   |-----------------------------------------------------------|
EXX iteration 1   : ===========================================================
EXX iteration 2   : ===========================================================

Eigenvalues converged to within 0.000599 eV
[08/12/26 00:33:58] Batch complete. Estimated time remaining: 0:05:49

+------------------------------------------------------------------------------+
| K-point batch 134/165                                                        |
+------------------------------------------------------------------------------+
                   |-----------------------------------------------------------|
EXX iteration 1   : ===========================================================
EXX iteration 2   : ===========================================================

Eigenvalues converged to within 0.0006 eV
[08/12/26 00:34:09] Batch complete. Estimated time remaining: 0:05:38

+------------------------------------------------------------------------------+
| K-point batch 135/165                                                        |
+------------------------------------------------------------------------------+
                   |-----------------------------------------------------------|
EXX iteration 1   : ===========================================================
EXX iteration 2   : ===========================================================

Eigenvalues converged to within 0.000601 eV
[08/12/26 00:34:20] Batch complete. Estimated time remaining: 0:05:27

+------------------------------------------------------------------------------+
| K-point batch 136/165                                                        |
+------------------------------------------------------------------------------+
                   |-----------------------------------------------------------|
EXX iteration 1   : ===========================================================
EXX iteration 2   : ===========================================================

Eigenvalues converged to within 0.000599 eV
[08/12/26 00:34:31] Batch complete. Estimated time remaining: 0:05:16

+------------------------------------------------------------------------------+
| K-point batch 137/165                                                        |
+------------------------------------------------------------------------------+
                   |-----------------------------------------------------------|
EXX iteration 1   : ===========================================================
EXX iteration 2   : ===========================================================

Eigenvalues converged to within 0.000594 eV
[08/12/26 00:34:41] Batch complete. Estimated time remaining: 0:05:05

+------------------------------------------------------------------------------+
| K-point batch 138/165                                                        |
+------------------------------------------------------------------------------+
                   |-----------------------------------------------------------|
EXX iteration 1   : ===========================================================
EXX iteration 2   : ===========================================================

Eigenvalues converged to within 0.000585 eV
[08/12/26 00:34:52] Batch complete. Estimated time remaining: 0:04:54

+------------------------------------------------------------------------------+
| K-point batch 139/165                                                        |
+------------------------------------------------------------------------------+
                   |-----------------------------------------------------------|
EXX iteration 1   : ===========================================================
EXX iteration 2   : ===========================================================

Eigenvalues converged to within 0.000573 eV
[08/12/26 00:35:04] Batch complete. Estimated time remaining: 0:04:44

+------------------------------------------------------------------------------+
| K-point batch 140/165                                                        |
+------------------------------------------------------------------------------+
                   |-----------------------------------------------------------|
EXX iteration 1   : ===========================================================
EXX iteration 2   : ===========================================================

Eigenvalues converged to within 0.000556 eV
[08/12/26 00:35:14] Batch complete. Estimated time remaining: 0:04:33

+------------------------------------------------------------------------------+
| K-point batch 141/165                                                        |
+------------------------------------------------------------------------------+
                   |-----------------------------------------------------------|
EXX iteration 1   : ===========================================================
EXX iteration 2   : ===========================================================

Eigenvalues converged to within 0.000533 eV
[08/12/26 00:35:25] Batch complete. Estimated time remaining: 0:04:22

+------------------------------------------------------------------------------+
| K-point batch 142/165                                                        |
+------------------------------------------------------------------------------+
                   |-----------------------------------------------------------|
EXX iteration 1   : ===========================================================
EXX iteration 2   : ===========================================================

Eigenvalues converged to within 0.000506 eV
[08/12/26 00:35:36] Batch complete. Estimated time remaining: 0:04:11

+------------------------------------------------------------------------------+
| K-point batch 143/165                                                        |
+------------------------------------------------------------------------------+
                   |-----------------------------------------------------------|
EXX iteration 1   : ===========================================================
EXX iteration 2   : ===========================================================

Eigenvalues converged to within 0.000474 eV
[08/12/26 00:35:47] Batch complete. Estimated time remaining: 0:04:00

+------------------------------------------------------------------------------+
| K-point batch 144/165                                                        |
+------------------------------------------------------------------------------+
                   |-----------------------------------------------------------|
EXX iteration 1   : ===========================================================
EXX iteration 2   : ===========================================================

Eigenvalues converged to within 0.000437 eV
[08/12/26 00:35:57] Batch complete. Estimated time remaining: 0:03:49

+------------------------------------------------------------------------------+
| K-point batch 145/165                                                        |
+------------------------------------------------------------------------------+
                   |-----------------------------------------------------------|
EXX iteration 1   : ===========================================================
EXX iteration 2   : ===========================================================

Eigenvalues converged to within 0.000398 eV
[08/12/26 00:36:08] Batch complete. Estimated time remaining: 0:03:38

+------------------------------------------------------------------------------+
| K-point batch 146/165                                                        |
+------------------------------------------------------------------------------+
                   |-----------------------------------------------------------|
EXX iteration 1   : ===========================================================
EXX iteration 2   : ===========================================================

Eigenvalues converged to within 0.000357 eV
[08/12/26 00:36:19] Batch complete. Estimated time remaining: 0:03:27

+------------------------------------------------------------------------------+
| K-point batch 147/165                                                        |
+------------------------------------------------------------------------------+
                   |-----------------------------------------------------------|
EXX iteration 1   : ===========================================================
EXX iteration 2   : ===========================================================

Eigenvalues converged to within 0.000317 eV
[08/12/26 00:36:30] Batch complete. Estimated time remaining: 0:03:16

+------------------------------------------------------------------------------+
| K-point batch 148/165                                                        |
+------------------------------------------------------------------------------+
                   |-----------------------------------------------------------|
EXX iteration 1   : ===========================================================
EXX iteration 2   : ===========================================================

Eigenvalues converged to within 0.000307 eV
[08/12/26 00:36:40] Batch complete. Estimated time remaining: 0:03:05

+------------------------------------------------------------------------------+
| K-point batch 149/165                                                        |
+------------------------------------------------------------------------------+
                   |-----------------------------------------------------------|
EXX iteration 1   : ===========================================================
EXX iteration 2   : ===========================================================

Eigenvalues converged to within 0.000316 eV
[08/12/26 00:36:51] Batch complete. Estimated time remaining: 0:02:54

+------------------------------------------------------------------------------+
| K-point batch 150/165                                                        |
+------------------------------------------------------------------------------+
                   |-----------------------------------------------------------|
EXX iteration 1   : ===========================================================
EXX iteration 2   : ===========================================================

Eigenvalues converged to within 0.000326 eV
[08/12/26 00:37:03] Batch complete. Estimated time remaining: 0:02:43

+------------------------------------------------------------------------------+
| K-point batch 151/165                                                        |
+------------------------------------------------------------------------------+
                   |-----------------------------------------------------------|
EXX iteration 1   : ===========================================================
EXX iteration 2   : ===========================================================

Eigenvalues converged to within 0.000337 eV
[08/12/26 00:37:13] Batch complete. Estimated time remaining: 0:02:32

+------------------------------------------------------------------------------+
| K-point batch 152/165                                                        |
+------------------------------------------------------------------------------+
                   |-----------------------------------------------------------|
EXX iteration 1   : ===========================================================
EXX iteration 2   : ===========================================================

Eigenvalues converged to within 0.000348 eV
[08/12/26 00:37:24] Batch complete. Estimated time remaining: 0:02:21

+------------------------------------------------------------------------------+
| K-point batch 153/165                                                        |
+------------------------------------------------------------------------------+
                   |-----------------------------------------------------------|
EXX iteration 1   : ===========================================================
EXX iteration 2   : ===========================================================

Eigenvalues converged to within 0.000361 eV
[08/12/26 00:37:35] Batch complete. Estimated time remaining: 0:02:10

+------------------------------------------------------------------------------+
| K-point batch 154/165                                                        |
+------------------------------------------------------------------------------+
                   |-----------------------------------------------------------|
EXX iteration 1   : ===========================================================
EXX iteration 2   : ===========================================================

Eigenvalues converged to within 0.000373 eV
[08/12/26 00:37:46] Batch complete. Estimated time remaining: 0:02:00

+------------------------------------------------------------------------------+
| K-point batch 155/165                                                        |
+------------------------------------------------------------------------------+
                   |-----------------------------------------------------------|
EXX iteration 1   : ===========================================================
EXX iteration 2   : ===========================================================

Eigenvalues converged to within 0.000385 eV
[08/12/26 00:37:56] Batch complete. Estimated time remaining: 0:01:49

+------------------------------------------------------------------------------+
| K-point batch 156/165                                                        |
+------------------------------------------------------------------------------+
                   |-----------------------------------------------------------|
EXX iteration 1   : ===========================================================
EXX iteration 2   : ===========================================================

Eigenvalues converged to within 0.000398 eV
[08/12/26 00:38:07] Batch complete. Estimated time remaining: 0:01:38

+------------------------------------------------------------------------------+
| K-point batch 157/165                                                        |
+------------------------------------------------------------------------------+
                   |-----------------------------------------------------------|
EXX iteration 1   : ===========================================================
EXX iteration 2   : ===========================================================

Eigenvalues converged to within 0.00041 eV
[08/12/26 00:38:18] Batch complete. Estimated time remaining: 0:01:27

+------------------------------------------------------------------------------+
| K-point batch 158/165                                                        |
+------------------------------------------------------------------------------+
                   |-----------------------------------------------------------|
EXX iteration 1   : ===========================================================
EXX iteration 2   : ===========================================================

Eigenvalues converged to within 0.000421 eV
[08/12/26 00:38:29] Batch complete. Estimated time remaining: 0:01:16

+------------------------------------------------------------------------------+
| K-point batch 159/165                                                        |
+------------------------------------------------------------------------------+
                   |-----------------------------------------------------------|
EXX iteration 1   : ===========================================================
EXX iteration 2   : ===========================================================

Eigenvalues converged to within 0.000431 eV
[08/12/26 00:38:40] Batch complete. Estimated time remaining: 0:01:05

+------------------------------------------------------------------------------+
| K-point batch 160/165                                                        |
+------------------------------------------------------------------------------+
                   |-----------------------------------------------------------|
EXX iteration 1   : ===========================================================
EXX iteration 2   : ===========================================================

Eigenvalues converged to within 0.000441 eV
[08/12/26 00:38:51] Batch complete. Estimated time remaining: 0:00:54

+------------------------------------------------------------------------------+
| K-point batch 161/165                                                        |
+------------------------------------------------------------------------------+
                   |-----------------------------------------------------------|
EXX iteration 1   : ===========================================================
EXX iteration 2   : ===========================================================

Eigenvalues converged to within 0.000449 eV
[08/12/26 00:39:02] Batch complete. Estimated time remaining: 0:00:43

+------------------------------------------------------------------------------+
| K-point batch 162/165                                                        |
+------------------------------------------------------------------------------+
                   |-----------------------------------------------------------|
EXX iteration 1   : ===========================================================
EXX iteration 2   : ===========================================================

Eigenvalues converged to within 0.000455 eV
[08/12/26 00:39:13] Batch complete. Estimated time remaining: 0:00:32

+------------------------------------------------------------------------------+
| K-point batch 163/165                                                        |
+------------------------------------------------------------------------------+
                   |-----------------------------------------------------------|
EXX iteration 1   : ===========================================================
EXX iteration 2   : ===========================================================

Eigenvalues converged to within 0.000114 eV
[08/12/26 00:39:24] Batch complete. Estimated time remaining: 0:00:21

+------------------------------------------------------------------------------+
| K-point batch 164/165                                                        |
+------------------------------------------------------------------------------+
                   |-----------------------------------------------------------|
EXX iteration 1   : ===========================================================
EXX iteration 2   : ===========================================================

Eigenvalues converged to within 0.000113 eV
[08/12/26 00:39:34] Batch complete. Estimated time remaining: 0:00:10

+------------------------------------------------------------------------------+
| K-point batch 165/165                                                        |
+------------------------------------------------------------------------------+
                   |-----------------------------------------------------------|
EXX iteration 1   : ===========================================================
EXX iteration 2   : ===========================================================

Eigenvalues converged to within 0.000113 eV
[08/12/26 00:39:45] Batch complete. Completed all k-point batches in 0:30:00


Timing:                          Total     Per Step        %

--------------------------------------------------------------------------------

FatBandstructure        :    1802.84 s    1802.84 s      38.38% |=============|
Bandstructure           :    1782.76 s    1782.76 s      37.95% |=============|
Exact Exchange Update   :    1091.59 s     218.32 s      23.24% |=======|
Solve Eigensystem       :       6.48 s       0.25 s       0.14% |
Loading Modules + MPI   :       5.95 s       5.95 s       0.13% |
Valence Density         :       0.82 s       0.03 s       0.02% |
Exchange-Correlation    :       0.33 s       0.01 s       0.01% |
Init. Wave Functions    :       0.18 s       0.18 s       0.00% |
Constant Terms          :       0.07 s       0.07 s       0.00% |
Hartree Potential       :       0.06 s       0.00 s       0.00% |
Difference Density      :       0.02 s       0.00 s       0.00% |
Neutral Atom Potential  :       0.01 s       0.00 s       0.00% |
Core Density            :       0.00 s       0.00 s       0.00% |
Constant Exchange Terms :       0.00 s       0.00 s       0.00% |
--------------------------------------------------------------------------------
Total                   :    4697.24 s (1h18m17.24s)
